,pk,article_id,url,search_term,title,published_at,modified_at,country_code,isic_name,isic_code
0,als_76917_20250627155423,als_76917,https://www.aboutlawsuits.com/pfas-exposure-pregnancy-high-blood-pressure-children/,PFAS,PFAS Exposure During Pregnancy Linked to High Blood Pressure in Children: Study,2025-06-26 13:00:00+00:00,2025-06-27 15:54:23+00:00,US,Manufacture of chemicals and chemical products,2029
1,als_77354_20250626203530,als_77354,https://www.aboutlawsuits.com/afff/pfas-drinking-water-lawsuit-16-plaintiffs-testicular-cancer-kidney-cancer-ulcerative-colitis/,PFAS,"PFAS Drinking Water Lawsuit Filed by 16 Plaintiffs Over Testicular Cancer, Kidney Cancer, Ulcerative Colitis Side Effects",2025-06-23 15:00:00+00:00,2025-06-26 20:35:30+00:00,US,Manufacture of chemicals and chemical products,2021-2022
2,als_76655_20250613163108,als_76655,https://www.aboutlawsuits.com/afff/afff-chemicals-accelerate-cancer-reduce-drug-effectiveness/,PFAS,"AFFF Chemicals May Accelerate Spread of Cancer, Reduce Drug Effectiveness: Study",2025-06-13 14:00:00+00:00,2025-06-13 16:31:08+00:00,PL,Manufacture of chemicals and chemical products,2029
3,als_76146_20250612202726,als_76146,https://www.aboutlawsuits.com/afff/10000-afff-exposure-lawsuits-pending-federal-mdl/,PFAS,"More Than 10,000 AFFF Exposure Lawsuits Now Pending in Federal MDL",2025-06-09 16:00:00+00:00,2025-06-12 20:27:26+00:00,US,Manufacture of chemicals and chemical products,2029
4,als_75685_20250603163509,als_75685,https://www.aboutlawsuits.com/afff/firefighter-pfas-levels-highest-emergency-response-workers/,PFAS,Firefighters’ PFAS Levels Are Highest of All Emergency Response Workers: Study,2025-06-02 15:00:00+00:00,2025-06-03 16:35:09+00:00,US,Fire service activities,8425
5,als_75133_20250529184746,als_75133,https://www.aboutlawsuits.com/afff/afff-kidney-cancer-lawsuits-proposed-bellwether-trial/,PFAS,"AFFF Kidney Cancer Lawsuits Proposed For Oct. 20, 2025 Bellwether Trial Date",2025-05-27 16:00:00+00:00,2025-05-29 18:47:46+00:00,US,Manufacture of chemicals and chemical products,2021-2022
6,als_74405_20250514200834,als_74405,https://www.aboutlawsuits.com/afff/3m-pfas-water-contamination-settlement-450m-payout-new-jersey/,PFAS,3M PFAS Water Contamination Settlement Results in $450M Payout to New Jersey,2025-05-14 13:00:00+00:00,2025-05-14 20:08:34+00:00,US,Manufacture of chemicals and chemical products,2011-2013
7,als_73807_20250509154950,als_73807,https://www.aboutlawsuits.com/afff/court-urged-combine-5-afff-lawsuits-first-mdl-bellwether-trial/,PFAS,Court Urged To Combine 5 AFFF Lawsuits For First MDL Bellwether Trial,2025-05-08 16:00:00+00:00,2025-05-09 15:49:50+00:00,US,Manufacture of chemicals and chemical products,2021-2022
8,als_72939_20250429190210,als_72939,https://www.aboutlawsuits.com/afff/additional-afff-ulcerative-colitis-lawsuits-bellwether-discovery-pool/,PFAS,Additional AFFF Ulcerative Colitis Lawsuits Added to Bellwether Discovery Pool,2025-04-29 15:00:00+00:00,2025-04-29 19:02:10+00:00,US,Manufacture of chemicals and chemical products,2029
9,als_72415_20250428161710,als_72415,https://www.aboutlawsuits.com/firefighter-unions-class-action-lawsuit-cancer-causing-chemicals-protective-gear/,PFAS,Firefighter Unions File Class Action Lawsuit Over Cancer-Causing Chemicals in Protective Gear,2025-04-25 13:00:00+00:00,2025-04-28 16:17:10+00:00,US,Manufacture of wearing apparel,3290
10,als_70504_20250331221438,als_70504,https://www.aboutlawsuits.com/pennsylvania-residents-class-action-lawsuit-jet-fuel-pipeline-leak/,PFAS,Pennsylvania Residents File Class Action Lawsuit Over Jet Fuel Pipeline Leak,2025-03-31 14:00:00+00:00,2025-03-31 22:14:38+00:00,US,Petroleum refining,1920
11,als_69105_20250317172040,als_69105,https://www.aboutlawsuits.com/apple-watch-pfas-lawsuit-toxic-chemicals-wrist-band/,PFAS,Apple Watch PFAS Lawsuit Alleges Toxic Chemicals in Wrist Bands Could Increase Cancer Risks,2025-03-14 14:00:00+00:00,2025-03-17 17:20:40+00:00,US,Manufacture of watches and clocks,2651
12,als_67268_20250219165248,als_67268,https://www.aboutlawsuits.com/gore-tex-class-action-lawsuit-toxic-pfas-supposedly-green-fabric/,PFAS,Gore-Tex Class Action Lawsuit Alleges Toxic PFAS Used in Supposedly “Green” Fabric,2025-02-18 15:00:00+00:00,2025-02-19 16:52:48+00:00,US,Manufacture of wearing apparel,1392
13,als_66934_20250218161631,als_66934,https://www.aboutlawsuits.com/microplastics-accumulate-in-brain-faster-than-other-organs/,PFAS,"Microplastics May Accumulate in the Brain Faster Than Other Organs, Researchers Warn",2025-02-17 13:00:00+00:00,2025-02-18 16:16:31+00:00,US,Manufacture of plastics products,2220
14,als_67026_20250214162833,als_67026,https://www.aboutlawsuits.com/maui-wildfire-firefighters-pfas-blood-levels-cdc/,PFAS,"Maui Wildfire Firefighters Saw Spike in PFAS Blood Levels, CDC Reports",2025-02-13 15:00:00+00:00,2025-02-14 16:28:33+00:00,US,Fire service activities,8425
15,als_66991_20250213175237,als_66991,https://www.aboutlawsuits.com/red-hill-water-contamination-navy-mismanagement-report/,PFAS,"Red Hill Water Contamination Caused by Navy Mismanagement, Report Claims",2025-02-12 15:00:00+00:00,2025-02-13 17:52:37+00:00,US,Defense activities,8422
16,als_66884_20250211170152,als_66884,https://www.aboutlawsuits.com/lawsuit-calls-for-fda-to-set-pfas-limits-for-food/,PFAS,Lawsuit Calls for FDA To Set PFAS Limits for Food,2025-02-10 14:00:00+00:00,2025-02-11 17:01:52+00:00,US,Manufacture of chemicals and chemical products,2011-2013
17,als_66255_20250120202936,als_66255,https://www.aboutlawsuits.com/afff/pfas-risks-firefighting-foam-known-3m-for-decades-the-guardian/,PFAS,PFAS Risks From Firefighting Foam Were Known by 3M for Decades: Guardian Report,2025-01-20 16:00:00+00:00,2025-01-20 20:29:36+00:00,US,Manufacture of chemicals and chemical products,2021-2029
18,als_66177_20250117180412,als_66177,https://www.aboutlawsuits.com/afff/pfas-drinking-water-certain-forms-of-cancer-study/,PFAS,PFAS in Drinking Water Linked to Certain Forms of Cancer: Study,2025-01-16 16:00:00+00:00,2025-01-17 18:04:12+00:00,US,Manufacture of chemicals and chemical products,2021-2023
19,als_65924_20250107185449,als_65924,https://www.aboutlawsuits.com/afff/pfas-exposure-increased-brain-neurotoxicity/,PFAS,New Study Links PFAS Exposure to Increased Brain Neurotoxicity,2025-01-07 14:00:00+00:00,2025-01-07 18:54:49+00:00,US,Manufacture of chemicals and chemical products,2011-2013
20,als_65429_20241227150502,als_65429,https://www.aboutlawsuits.com/wildland-firefighters-exposed-to-dozens-of-cancer-causing-chemicals/,PFAS,Wildland Firefighters Exposed to Dozens of Cancer-Causing Chemicals: Study,2024-12-27 15:00:00+00:00,2024-12-27 15:05:02+00:00,US,Fire service activities,8425
21,als_65586_20241223183244,als_65586,https://www.aboutlawsuits.com/afff/new-hampshire-lawmakers-extend-statute-of-limitation-pfas-exposure-lawsuits/,PFAS,New Hampshire Lawmakers Seek To Extend Statute of Limitation for PFAS Exposure Lawsuits,2024-12-23 14:00:00+00:00,2024-12-23 18:32:44+00:00,US,Manufacture of chemicals and chemical products,2021-2022
22,als_64834_20241218193501,als_64834,https://www.aboutlawsuits.com/afff/pfas-microplastics-toxic-combination/,PFAS,PFAS and Microplastics Make for Toxic Combination: Study,2024-12-18 14:00:00+00:00,2024-12-18 19:35:01+00:00,GB,Manufacture of chemicals and chemical products,2011-2013
23,als_64482_20241125173637,als_64482,https://www.aboutlawsuits.com/afff/link-between-pfas-and-kidney-problems-gut-bacteria/,PFAS,Study Finds Link Between PFAS and Kidney Problems Caused by Gut Bacteria,2024-11-25 14:00:00+00:00,2024-11-25 17:36:37+00:00,US,Manufacture of chemicals and chemical products,2011-2013
24,als_64365_20241118174908,als_64365,https://www.aboutlawsuits.com/epa-report-unprecedented-progress-pfas-contamination-cleanup/,PFAS,EPA Report Touts “Unprecedented Progress” in PFAS Contamination Cleanup,2024-11-18 15:00:00+00:00,2024-11-18 17:49:08+00:00,US,Manufacture of chemicals and chemical products,2021-2029
25,als_64025_20241113183759,als_64025,https://www.aboutlawsuits.com/infant-pfas-exposure-linked-to-cholesterol-and-weight-problems-study-warns/,PFAS,"Infant PFAS Exposure Linked to Cholesterol and Weight Problems, Study Warns",2024-11-13 14:00:00+00:00,2024-11-13 18:37:59+00:00,NO,Manufacture of chemicals and chemical products,2021-2022
26,als_64073_20241111201536,als_64073,https://www.aboutlawsuits.com/hersheys-class-action-lawsuit-over-high-levels-of-pfas-in-chocolate-candy-wrappers/,PFAS,Class Action Lawsuits Filed Against Hershey’s Over High Levels of PFAS in Chocolate Candy Wrappers,2024-11-11 15:00:00+00:00,2024-11-11 20:15:36+00:00,US,"Manufacture of cocoa, chocolate and sugar confectionery",1071
27,als_63745_20241031180741,als_63745,https://www.aboutlawsuits.com/afff/hersheys-bubble-yum-class-action-lawsuit-pfas-chemicals/,PFAS,Hershey’s Bubble Yum Class Action Lawsuit Claims Gum Contains Toxic PFAS Chemicals,2024-10-31 14:00:00+00:00,2024-10-31 18:07:41+00:00,US,Manufacture of food products,1072
28,als_63393_20241030150519,als_63393,https://www.aboutlawsuits.com/pfas-detected-99-percent-bottled-water-worldwide/,PFAS,PFAS Detected in 99% of Bottled Water Sampled Worldwide: Study,2024-10-30 13:00:00+00:00,2024-10-30 15:05:19+00:00,GB,Manufacture of chemicals and chemical products,1104
29,als_63392_20241029170712,als_63392,https://www.aboutlawsuits.com/afff/firefighters-liver-cancer-diagnosis-linked-to-pfas-exposure-from-turnout-gear-afff/,PFAS,"Firefighter’s Liver Cancer Diagnosis Linked to PFAS Exposure From Turnout Gear and AFFF, Lawsuit Claims",2024-10-29 15:03:00+00:00,2024-10-29 17:07:12+00:00,US,Manufacture of chemicals and chemical products,2029
30,als_63341_20241022162241,als_63341,https://www.aboutlawsuits.com/afff/pfas-lawsuit-claims-firefighter-foam-water-contamination-led-to-ulcerative-colitis-diagnosis/,PFAS,Ulcerative Colitis Lawsuit Filed Over Toxic Chemicals in Water From Firefighting Foam,2024-10-22 15:00:00+00:00,2024-10-22 16:22:41+00:00,US,Manufacture of chemicals and chemical products,2029
31,als_63025_20241018210616,als_63025,https://www.aboutlawsuits.com/lawsuit-alleges-pfas-contaminated-drinking-water-caused-kidney-cancer/,PFAS,Lawsuit Alleges PFAS Contaminated Drinking Water Caused Kidney Cancer Diagnosis,2024-10-18 15:00:00+00:00,2024-10-18 21:06:16+00:00,US,Manufacture of chemicals and chemical products,2029
32,als_62715_20241008164120,als_62715,https://www.aboutlawsuits.com/carefree-pad-liner-lawsuit-cancer-causing-chemicals/,PFAS,Carefree Pad Liner Lawsuit Filed Over Potentially Cancer Causing Chemicals,2024-10-08 14:00:02+00:00,2024-10-08 16:41:20+00:00,US,Manufacture of chemicals and chemical products,2023
33,als_62803_20241007173738,als_62803,https://www.aboutlawsuits.com/afff/epa-calls-for-more-reporting-of-environmental-releases-of-pfas-chemicals/,PFAS,EPA Calls for More Reporting of Environmental Releases of PFAS Chemicals,2024-10-07 14:00:00+00:00,2024-10-07 17:37:38+00:00,US,Manufacture of chemicals and chemical products,2011-2029
34,als_62575_20241001162501,als_62575,https://www.aboutlawsuits.com/80-percent-u-s-military-bases-high-levels-pfas-contamination/,PFAS,80% of U.S. Military Bases Linked to High Levels of PFAS Contamination: Defense Department,2024-10-01 13:00:19+00:00,2024-10-01 16:25:01+00:00,US,Manufacture of chemicals and chemical products,8422
35,als_62378_20240925181050,als_62378,https://www.aboutlawsuits.com/epa-new-tcep-restrictions-final-evaluation/,PFAS,EPA To Place New Restrictions on TCEP Flame Retardants After Final Risk Evaluation,2024-09-25 14:00:35+00:00,2024-09-25 18:10:50+00:00,US,Manufacture of chemicals and chemical products,2022-2029
36,als_61591_20240910190655,als_61591,https://www.aboutlawsuits.com/afff/afff-ulcerative-colitis-lawsuit-colorado-springs/,PFAS,AFFF Ulcerative Colitis Lawsuit Filed Over Contaminated Water in Colorado Springs,2024-09-10 16:30:32+00:00,2024-09-10 19:06:55+00:00,US,Manufacture of chemicals and chemical products,2029
37,als_61666_20240905203403,als_61666,https://www.aboutlawsuits.com/afff/pfas-class-action-lawsuit-filed-over-harmful-forever-chemicals-in-carpets-rugs/,PFAS,PFAS Class Action Lawsuit Filed Over Harmful “Forever Chemicals” in Carpets and Rugs,2024-09-05 14:30:15+00:00,2024-09-05 20:34:03+00:00,US,Manufacture of chemicals and chemical products,2021-2029
38,,als_61339,https://www.aboutlawsuits.com/afff/fire-suppression-foam-spill-water-contamination-problems-maine/,PFAS,"Fire Suppression Foam Spill May Cause Water Contamination Problems in Brunswick, Maine",2024-08-26 18:16:47+00:00,,US,Manufacture of chemicals and chemical products,8425
39,als_61167_20240823000949,als_61167,https://www.aboutlawsuits.com/afff/undissolved-afff-foam-causes-widespread-pfas-water-contamination/,PFAS,Undissolved AFFF Foam From Military Bases Causes Widespread PFAS Water Contamination: Study,2024-08-21 19:23:39+00:00,2024-08-23 00:09:49+00:00,US,Manufacture of chemicals and chemical products,3830
40,,als_61030,https://www.aboutlawsuits.com/afff/firefighter-foam-water-contamination-lawsuit-liver-cancer/,PFAS,Firefighter Foam Water Contamination Lawsuit Filed Over Liver Cancer Diagnosis,2024-08-16 19:43:44+00:00,,US,Manufacture of chemicals and chemical products,2021-2029
41,als_60874_20240812185353,als_60874,https://www.aboutlawsuits.com/states-legislation-to-ban-pfas-in-firefighter-gear/,PFAS,States Push Legislation to Ban Toxic PFAS In Firefighter Gear,2024-08-12 13:30:33+00:00,2024-08-12 18:53:53+00:00,US,Manufacture of wearing apparel,8425
42,als_60732_20240808204254,als_60732,https://www.aboutlawsuits.com/drinking-water-near-u-s-army-bases-will-be-tested-for-pfas-contamination/,PFAS,Drinking Water Near U.S. Army Bases Will Be Tested for PFAS Contamination,2024-08-06 16:30:05+00:00,2024-08-08 20:42:54+00:00,US,Defense activities,8422
43,als_60319_20240722194625,als_60319,https://www.aboutlawsuits.com/afff/lithium-ion-batteries-may-contribute-to-global-pfas-contamination-study-warns/,PFAS,"Lithium Ion Batteries May Contribute to Global PFAS Contamination, Study Warns",2024-07-22 14:30:15+00:00,2024-07-22 19:46:25+00:00,US,Manufacture of batteries and accumulators,2720
44,als_60433_20240718202839,als_60433,https://www.aboutlawsuits.com/afff/testicular-cancer-lawsuit-afff-drinking-water/,PFAS,Testicular Cancer Lawsuit Alleges AFFF Contaminated Drinking Water With Toxic Chemicals,2024-07-18 16:30:19+00:00,2024-07-18 20:28:39+00:00,US,Manufacture of chemicals and chemical products,2021-2022
45,als_60126_20240628184121,als_60126,https://www.aboutlawsuits.com/landfills-pfas-forever-chemicals-air-pollution-study/,PFAS,"Landfills May Release Large Amounts of PFAS “Forever Chemicals” As Air Pollution, Study Warns",2024-06-28 12:30:48+00:00,2024-06-28 18:41:21+00:00,US,"Waste collection, treatment and disposal activities",3821-3822
46,als_60014_20240627203342,als_60014,https://www.aboutlawsuits.com/afff/firefighter-afff-lawsuits-strengthened-new-pfas-skin-absorption-study/,PFAS,Firefighter’s AFFF Lawsuits Strengthened by New PFAS Skin Absorption Study,2024-06-27 16:30:15+00:00,2024-06-27 20:33:42+00:00,US,Manufacture of chemicals and chemical products,2021-2029
47,als_59857_20240624203825,als_59857,https://www.aboutlawsuits.com/pfas-exposure-kidney-cancer-firefighter-foam-lawsuit/,PFAS,AFFF Kidney Cancer Lawsuit Filed By Firefighter Exposed to PFAS-Containing Foam During Career,2024-06-24 16:31:52+00:00,2024-06-24 20:38:25+00:00,US,Manufacture of chemicals and chemical products,2029
48,als_59833_20240620181203,als_59833,https://www.aboutlawsuits.com/pfas-exposure-turnout-gear-firefighter-foam-lawsuit/,PFAS,"PFAS Chemicals in Firefighter Turnout Gear, AFFF Foam Caused Testicular Cancer and Thyroid Disease, Lawsuit Claims",2024-06-17 16:30:01+00:00,2024-06-20 18:12:03+00:00,US,Manufacture of chemicals and chemical products,8425
49,als_59804_20240613183758,als_59804,https://www.aboutlawsuits.com/lawsuit-to-block-epa-rule-limiting-pfas/,PFAS,"Chemical, Industry Groups File Lawsuit to Block EPA Rule Limiting Toxic PFAS Water Contamination",2024-06-13 13:30:56+00:00,2024-06-13 18:37:58+00:00,US,Manufacture of chemicals and chemical products,2011-2029
50,als_59580_20240605185726,als_59580,https://www.aboutlawsuits.com/afff/pfas-exposure-lawsuits-plastics-industry/,PFAS,"PFAS Exposure Lawsuits May Just Be The Tip of an Iceberg, Plastics Industry Warned",2024-06-05 13:30:15+00:00,2024-06-05 18:57:26+00:00,US,Manufacture of plastics products,2013
51,als_59478_20240530210241,als_59478,https://www.aboutlawsuits.com/afff/3m-knew-pfas-dangers-chemist-says/,PFAS,"3M Knew of PFAS Dangers for Years, Former Company Chemist Says",2024-05-28 13:30:15+00:00,2024-05-30 21:02:41+00:00,US,Manufacture of chemicals and chemical products,2011
52,als_59403_20240522195002,als_59403,https://www.aboutlawsuits.com/basf-settles-pfas-water-contamination-lawsuits/,PFAS,BASF Settles PFAS Water Contamination Lawsuits With U.S. Communities for $316.5 Million,2024-05-22 15:30:42+00:00,2024-05-22 19:50:02+00:00,US,Manufacture of chemicals and chemical products,2029
53,als_59304_20240520200325,als_59304,https://www.aboutlawsuits.com/researchers-warn-toxic-pfas-pollutants-can-penetrate-blood-brain-barrier/,PFAS,Researchers Warn Toxic PFAS Pollutants Can Penetrate Blood-Brain Barrier,2024-05-20 13:30:44+00:00,2024-05-20 20:03:25+00:00,US,Manufacture of chemicals and chemical products,2021-2029
54,als_59170_20240513203146,als_59170,https://www.aboutlawsuits.com/afff/firefighter-foam-exposure-t-cell-lymphoma-wrongful-death-lawsuit/,PFAS,"Firefighter Foam Exposure Caused Fatal T-Cell Lymphoma, Wrongful Death Lawsuit Alleges",2024-05-13 16:30:50+00:00,2024-05-13 20:31:46+00:00,US,Manufacture of fire safety equipment,8425
55,als_59045_20240509165259,als_59045,https://www.aboutlawsuits.com/prime-energy-drink-class-action-lawsuit-caffeine-pfas/,PFAS,"Prime Energy Sports Drink Class Action Lawsuit Filed Over Caffeine Levels, PFAS Exposure",2024-05-09 13:30:10+00:00,2024-05-09 16:52:59+00:00,US,Manufacture of beverages,1104
56,als_58885_20240426180526,als_58885,https://www.aboutlawsuits.com/bill-calling-for-national-phaseout-of-all-nonessential-pfas/,PFAS,Lawmakers Introduce Bill Calling for National Phaseout of All Nonessential PFAS on U.S. Market,2024-04-26 13:30:45+00:00,2024-04-26 18:05:26+00:00,US,Manufacture of chemicals and chemical products,2011-2013
57,als_58353_20240418203411,als_58353,https://www.aboutlawsuits.com/lawsuit-pfas-water-contamination-kidney-cancer/,PFAS,Lawsuit Alleges Pennsylvania PFAS Water Contamination Caused Kidney Cancer Diagnosis,2024-04-12 15:30:49+00:00,2024-04-18 20:34:11+00:00,US,Manufacture of chemicals and chemical products,2021-2029
58,als_58576_20240411181322,als_58576,https://www.aboutlawsuits.com/biden-administration-sets-national-pfas-drinking-water-limits/,PFAS,Biden Administration Sets National PFAS Drinking Water Limits,2024-04-11 13:30:53+00:00,2024-04-11 18:13:22+00:00,US,Manufacture of chemicals and chemical products,3600
59,als_58516_20240410190443,als_58516,https://www.aboutlawsuits.com/afff-lawsuit/pfas-water-contamination-is-widespread-afff-impact-underestimated/,PFAS,"Report Finds PFAS Water Contamination is Widespread, and AFFF Impact Has Been Underestimated",2024-04-10 13:30:11+00:00,2024-04-10 19:04:43+00:00,AU,Manufacture of chemicals and chemical products,8425
60,als_58414_20240404190838,als_58414,https://www.aboutlawsuits.com/afff-lawsuit/3m-pfas-settlement-final-approval/,PFAS,3M PFAS Settlement With Public Water Providers Receives Final Approval By MDL Judge,2024-04-04 15:31:28+00:00,2024-04-04 19:08:38+00:00,US,Manufacture of chemicals and chemical products,3600
61,als_57960_20240326145006,als_57960,https://www.aboutlawsuits.com/pfas-exposure-cholesterol-heart-problems-study/,PFAS,"PFAS Exposure Linked to Increased Risk of High Cholesterol, Heart Problems: Study",2024-03-26 13:31:05+00:00,2024-03-26 14:50:06+00:00,DE,Manufacture of chemicals and chemical products,2029
62,als_58131_20240321203947,als_58131,https://www.aboutlawsuits.com/pfas-water-contamination-lawsuit-kleenex/,PFAS,PFAS Water Contamination Class Action Lawsuit Filed Against Kleenex Factory Manufacturer,2024-03-21 13:30:42+00:00,2024-03-21 20:39:47+00:00,US,Manufacture of paper and paper products,1701
63,als_58044_20240321204905,als_58044,https://www.aboutlawsuits.com/afff-lawsuit/afff-lawsuits-to-be-selected-for-bellwether-process/,PFAS,"AFFF Lawsuits Over Liver Cancer, Thyroid Cancer To Be Selected For Bellwether Process in Federal MDL",2024-03-20 16:30:24+00:00,2024-03-21 20:49:05+00:00,US,Manufacture of chemicals and chemical products,2021-2022
64,als_58043_20240318185234,als_58043,https://www.aboutlawsuits.com/navy-finishes-removing-fuel-red-hill-storage-leaks/,PFAS,U.S. Navy Task Force Finishes Removing Fuel from Red Hill Facility After Storage Leaks,2024-03-18 13:30:15+00:00,2024-03-18 18:52:34+00:00,US,Defense activities,5210
65,als_57605_20240305201709,als_57605,https://www.aboutlawsuits.com/firefighter-turnout-gear-lawsuits-fact-sheets/,PFAS,Lawyers Say Firefighter Turnout Gear Lawsuits Require Separate Fact Sheets from AFFF and PFAS Water Exposure Claims,2024-03-05 16:24:00+00:00,2024-03-05 20:17:09+00:00,US,Manufacture of chemicals and chemical products,8425
66,als_57723_20240229185450,als_57723,https://www.aboutlawsuits.com/fda-bans-pfas-food-packaging/,PFAS,FDA Bans Use of Toxic PFAS Chemicals in Food Packaging Amid Rising Evidence of Health Risks,2024-02-29 14:30:11+00:00,2024-02-29 18:54:50+00:00,US,Manufacture of food products,2221
67,als_57702_20240228202154,als_57702,https://www.aboutlawsuits.com/us-immunity-pfas-water-contamination-lawsuits/,PFAS,U.S. Claims Immunity in Some PFAS Water Contamination Lawsuits Over Use of AFFF Foam on Military Bases,2024-02-28 16:30:16+00:00,2024-02-28 20:21:54+00:00,US,Manufacture of chemicals and chemical products,8422
68,als_57551_20240222200015,als_57551,https://www.aboutlawsuits.com/afff-lawsuit/states-policies-combat-pfas-contamination/,PFAS,"Dozens of States Have Introduced Policies to Combat PFAS Contamination, The Lancet Reports",2024-02-22 14:30:49+00:00,2024-02-22 20:00:15+00:00,US,Manufacture of chemicals and chemical products,2011-2029
69,als_57503_20240221201109,als_57503,https://www.aboutlawsuits.com/water-contamination-lawsuit-red-hill-leaks/,PFAS,"Over 2,000 Residents File Water Contamination Lawsuit Over Red Hill Fuel Storage Leaks",2024-02-21 16:30:28+00:00,2024-02-21 20:11:09+00:00,US,Defense activities,8422
70,als_57504_20240222205110,als_57504,https://www.aboutlawsuits.com/firefighter-turnout-gear-lawsuit/,PFAS,Firefighter Turnout Gear Lawsuit Filed Over Cancer Caused PFAS Exposure,2024-02-20 16:30:04+00:00,2024-02-22 20:51:10+00:00,US,Manufacture of chemicals and chemical products,2029
71,als_57522_20240219193732,als_57522,https://www.aboutlawsuits.com/iowa-firefighter-foam-ban/,PFAS,Iowa Lawmakers Consider Firefighter Foam Ban Due to PFAS Cancer Risks,2024-02-19 14:30:18+00:00,2024-02-19 19:37:32+00:00,US,Manufacture of chemicals and chemical products,2021-2022
72,als_57434_20240213193706,als_57434,https://www.aboutlawsuits.com/epa-rules-expand-authority-pfas-contamination/,PFAS,EPA Proposes New Rules to Expand Authority to Combat PFAS Contamination,2024-02-13 14:30:04+00:00,2024-02-13 19:37:06+00:00,US,Manufacture of chemicals and chemical products,2021-2029
73,als_57382_20240212205029,als_57382,https://www.aboutlawsuits.com/afff-water-contamination-settlement/,PFAS,"AFFF Water Contamination Settlement With DuPont, Other Chemical Companies, Approved By Court",2024-02-12 14:30:20+00:00,2024-02-12 20:50:29+00:00,US,Manufacture of chemicals and chemical products,2021-2029
74,als_57187_20240131184038,als_57187,https://www.aboutlawsuits.com/ohio-to-destroy-firefighter-foam/,PFAS,"Ohio to Collect, Destroy Stockpiles of Toxic Firefighter Foam Amid Lawsuits, Health Concerns",2024-01-31 14:30:06+00:00,2024-01-31 18:40:38+00:00,US,Manufacture of chemicals and chemical products,2021-2022
75,als_56992_20240123200711,als_56992,https://www.aboutlawsuits.com/pfas-exposure-childhood-leukemia/,PFAS,Study Links PFAS Exposure to Childhood Leukemia Risks,2024-01-23 14:30:47+00:00,2024-01-23 20:07:11+00:00,FI,C20 - Manufacture of chemicals and chemical products,2021-2022
76,als_56991_20240119185112,als_56991,https://www.aboutlawsuits.com/cdc-pfas-guidelines/,PFAS,"CDC Issues PFAS Guidelines for Doctors to Highlight Possible Cancer, Hypertension and Pregnancy Risks",2024-01-19 13:30:12+00:00,2024-01-19 18:51:12+00:00,US,Manufacture of chemicals and chemical products,2029
77,als_56555_20240501205613,als_56555,https://www.aboutlawsuits.com/afff/afff-injury-lawsuits-core-discovery/,PFAS,AFFF Injury Lawsuits to Begin Initial Core Discovery In Preparation For First Bellwether Trials,2023-12-29 15:30:41+00:00,2024-05-01 20:56:13+00:00,US,Manufacture of chemicals and chemical products,2029
78,als_56245_20231208191110,als_56245,https://www.aboutlawsuits.com/afff-lawsuit/28-afff-lawsuits-bellwether-discovery-pool/,PFAS,Parties Will Select 28 AFFF Lawsuits For Personal Injury Bellwether Discovery Pool in Federal MDL,2023-12-08 15:30:59+00:00,2023-12-08 19:11:10+00:00,US,Manufacture of chemicals and chemical products,2029
79,als_56273_20231207200255,als_56273,https://www.aboutlawsuits.com/pfas-contamination-drinking-water-report/,PFAS,PFAS Contamination Found in Drinking Water of 44 Million Americans: Report,2023-12-07 13:30:21+00:00,2023-12-07 20:02:55+00:00,US,Manufacture of chemicals and chemical products,2011-2013
80,als_56011_20231120205845,als_56011,https://www.aboutlawsuits.com/environmentalists-state-restrictions-pfas/,PFAS,"Environmentalists Call for Tougher State Restrictions on PFAS Use, Amid Growing Concerns Over Toxic Water Contamination",2023-11-20 13:30:44+00:00,2023-11-20 20:58:45+00:00,US,Manufacture of chemicals and chemical products,2021-2029
81,als_55921_20231114202457,als_55921,https://www.aboutlawsuits.com/cities-say-pfas-water-contamination-settlement-inadequate/,PFAS,U.S. Cities Say PFAS Water Contamination Settlement Inadequate,2023-11-14 15:30:00+00:00,2023-11-14 20:24:57+00:00,US,Manufacture of chemicals and chemical products,2029
82,als_55758_20231107195514,als_55758,https://www.aboutlawsuits.com/presence-pfas-fracking-chemicals/,PFAS,Study Finds Heavy Presence of PFAS in Fracking Chemicals,2023-11-07 13:30:58+00:00,2023-11-07 19:55:14+00:00,US,Extraction of crude petroleum and natural gas,0620
83,als_55578_20231101194405,als_55578,https://www.aboutlawsuits.com/pfas-turnout-gear-afff-foam-prostate-cancer-lawsuit/,PFAS,"PFAS-Laden Turnout Gear and AFFF Foam Caused Prostate Cancer Diagnosis, Firefighter’s Lawsuit Claims",2023-11-01 16:32:47+00:00,2023-11-01 19:44:05+00:00,US,Fire service activities,8425
84,als_55596_20231027162446,als_55596,https://www.aboutlawsuits.com/prenatal-exposure-hormone-disrupting-chemicals-study/,PFAS,"Prenatal Exposure to Hormone Disrupting Chemicals Linked to Weight Gain Later in Life, Study Warns",2023-10-27 12:30:25+00:00,2023-10-27 16:24:46+00:00,ES,Manufacture of chemicals and chemical products,2029
85,als_55112_20231005193754,als_55112,https://www.aboutlawsuits.com/industry-pfas-data-epa/,PFAS,Industry Must Hand Over 12 Years of PFAS Data Under New EPA Rule,2023-10-05 13:30:55+00:00,2023-10-05 19:37:54+00:00,US,Manufacture of chemicals and chemical products,2011-2013
86,als_54880_20230926172016,als_54880,https://www.aboutlawsuits.com/pfas-exposure-cancer-women/,PFAS,"PFAS Exposure Increases Risk of Cancer in Women, Researchers Warn",2023-09-26 13:30:13+00:00,2023-09-26 17:20:16+00:00,US,Manufacture of chemicals and chemical products,2021-2029
87,als_54822_20230918195006,als_54822,https://www.aboutlawsuits.com/firefighter-foam-ulcerative-colitis-lawsuit/,PFAS,"Firefighter Foam Water Pollution in New Jersey Caused Ulcerative Colitis, Lawsuit Claims",2023-09-18 15:30:47+00:00,2023-09-18 19:50:06+00:00,US,Manufacture of chemicals and chemical products,2029
88,als_54450_20230829185107,als_54450,https://www.aboutlawsuits.com/pfas-water-contamination-kidney-cancer-lawsuit/,PFAS,"PFAS Water Contamination Led to Kidney Cancer Diagnosis, Lawsuit Claims",2023-08-29 15:30:42+00:00,2023-08-29 18:51:07+00:00,US,Manufacture of chemicals and chemical products,2021-2029
89,als_54427_20230824201643,als_54427,https://www.aboutlawsuits.com/pfas-settlement-payout-estimates/,PFAS,"PFAS Settlement Payout Estimates for Water Providers Released By Committee That Negotiated 3M, DuPont Deals",2023-08-24 15:30:27+00:00,2023-08-24 20:16:43+00:00,US,Manufacture of chemicals and chemical products,3600
90,als_54390_20230823180715,als_54390,https://www.aboutlawsuits.com/pfas-contamination-map/,PFAS,"PFAS Contamination Map Highlights More than 3,000 Sites Nationwide with Toxic Chemicals in Water Systems",2023-08-23 13:30:35+00:00,2023-08-23 18:07:15+00:00,US,Manufacture of chemicals and chemical products,2021-2029
91,als_54334_20230821192413,als_54334,https://www.aboutlawsuits.com/epa-classifying-pfas-critics/,PFAS,"EPA’s New Way of Classifying PFAS Could Exclude Many Toxic Chemicals, Critics Say",2023-08-21 13:30:35+00:00,2023-08-21 19:24:13+00:00,US,Manufacture of chemicals and chemical products,2011-2013
92,als_54251_20230817202840,als_54251,https://www.aboutlawsuits.com/air-force-afff-firefighting-foam-testicular-cancer-study/,PFAS,Air Force Personnel Exposed to AFFF Firefighting Foam Face Increased Testicular Cancer Risks: Study,2023-08-17 15:30:39+00:00,2023-08-17 20:28:40+00:00,US,Firefighting,8422
93,als_53887_20230804192653,als_53887,https://www.aboutlawsuits.com/firefighter-foam-earplug-lawsuits-3m-profits/,PFAS,"Lawsuits over AFFF Foam and Earplugs Weigh Down 3M Profits, as Company Faces Massive Litigations",2023-08-04 15:30:19+00:00,2023-08-04 19:26:53+00:00,US,Manufacture of chemicals and chemical products,2029
94,als_54032_20230803191757,als_54032,https://www.aboutlawsuits.com/yakima-water-filters-pfas-contamination-risks/,PFAS,Yakima Army Base to Give Local Residents Water Filters Due to PFAS Contamination Risks,2023-08-03 14:30:41+00:00,2023-08-03 19:17:57+00:00,US,Manufacture of chemicals and chemical products,8422
95,als_53921_20240501212623,als_53921,https://www.aboutlawsuits.com/afff/air-force-afff-prostate-cancer-lawsuit/,PFAS,"Air Force AFFF Exposure Caused Prostate Cancer, According to Lawsuit Against Foam Manufacturers",2023-08-02 15:30:01+00:00,2024-05-01 21:26:23+00:00,US,Manufacture of chemicals and chemical products,8422
96,als_53998_20230801172943,als_53998,https://www.aboutlawsuits.com/lawmakers-epa-pfas-health-risks/,PFAS,House Lawmakers Call for Extensive EPA Analysis of PFAS Health Risks,2023-08-01 13:30:22+00:00,2023-08-01 17:29:43+00:00,US,Manufacture of chemicals and chemical products,2011-2013
97,als_53910_20240501213021,als_53910,https://www.aboutlawsuits.com/afff/pfas-class-action-settlement-opposed/,PFAS,PFAS Class Action Settlement Over Water Contamination Opposed by 22 State Attorney Generals,2023-07-27 15:30:16+00:00,2024-05-01 21:30:21+00:00,US,Manufacture of chemicals and chemical products,2029
98,als_53694_20240501212619,als_53694,https://www.aboutlawsuits.com/afff/afff-manufacturers-firefighting-foam-prostate-cancer/,PFAS,Lawsuit Against AFFF Manufacturers Alleges Firefighting Foam Caused Prostate Cancer Diagnosis,2023-07-25 15:30:09+00:00,2024-05-01 21:26:19+00:00,US,Manufacture of chemicals and chemical products,2029
99,als_53833_20240501213026,als_53833,https://www.aboutlawsuits.com/afff/tyco-to-stop-making-firefighting-foam/,PFAS,Tyco to Stop Making Firefighting Foam With Toxic Chemicals Next Year,2023-07-24 13:30:19+00:00,2024-05-01 21:30:26+00:00,US,Manufacture of other chemical products n.e.c.,2029
100,als_53809_20240501212906,als_53809,https://www.aboutlawsuits.com/afff/legislation-pfas-exposure-turnout-gear/,PFAS,Proposed Legislation Seeks to Protect U.S. Firefighters from PFAS Exposure in Turnout Gear,2023-07-21 13:30:03+00:00,2024-05-01 21:29:06+00:00,US,Manufacture of wearing apparel,3290
101,als_53691_20230719185721,als_53691,https://www.aboutlawsuits.com/pfas-bpa-food-safety-review/,PFAS,"PFAS, BPA Among Chemicals Targeted in FDA Food Safety Review",2023-07-19 14:32:04+00:00,2023-07-19 18:57:21+00:00,US,Manufacture of food products,1071-1079
102,als_53550_20230714164228,als_53550,https://www.aboutlawsuits.com/manufacturers-hid-pfas-exposure-risks-study/,PFAS,"Chemical Manufacturers Hid PFAS Exposure Risks Using Deceptive Tactics, Study Warns",2023-07-14 13:30:47+00:00,2023-07-14 16:42:28+00:00,US,Manufacture of chemicals and chemical products,2011-2013
103,als_53588_20240501212907,als_53588,https://www.aboutlawsuits.com/afff/marine-firefighter-lawsuit-prostate-cancer/,PFAS,Marine Corps Firefighter Files Lawsuit Over Prostate Cancer from Firefighter Foam,2023-07-12 16:07:48+00:00,2024-05-01 21:29:07+00:00,US,Manufacture of chemicals and chemical products,8425
104,als_53507_20230710165908,als_53507,https://www.aboutlawsuits.com/pfas-chemicals-tap-water-report/,PFAS,PFAS Chemicals Contaminate Almost Half of U.S. Tap Water Supply: Report,2023-07-10 13:30:20+00:00,2023-07-10 16:59:08+00:00,US,Manufacture of chemicals and chemical products,2021-2029
105,als_53404_20230629180044,als_53404,https://www.aboutlawsuits.com/legislation-military-bases-pfas-water-contamination/,PFAS,Proposed Legislation Calls for Military Bases to Report PFAS Water Contamination,2023-06-29 13:30:04+00:00,2023-06-29 18:00:44+00:00,US,Manufacture of chemicals and chemical products,2021-2029
106,als_53341_20240501205535,als_53341,https://www.aboutlawsuits.com/afff/3m-firefighting-foam-settlement-water-contamination-lawsuits/,PFAS,3M Firefighting Foam Settlement Results in Up To $12.5B Payment in PFAS Water Contamination Lawsuits,2023-06-23 15:30:00+00:00,2024-05-01 20:55:35+00:00,US,Manufacture of chemicals and chemical products,2021-2022
107,als_53057_20230615175559,als_53057,https://www.aboutlawsuits.com/prenatal-exposure-pfas-child-obesity-study/,PFAS,Prenatal Exposure to PFAS “Forever Chemicals” Increases Child Obesity Risk: Study,2023-06-15 13:30:53+00:00,2023-06-15 17:55:59+00:00,US,Manufacture of chemicals and chemical products,2029
108,als_52988_20230605185756,als_52988,https://www.aboutlawsuits.com/10-billion-pfas-water-contamination-settlement-reached-to-resolve-claims-brought-by-us-cities/,PFAS,$10 Billion PFAS Water Contamination Settlement Reached To Resolve Claims Brought by U.S. Cities,2023-06-05 15:40:23+00:00,2023-06-05 18:57:56+00:00,US,Manufacture of chemicals and chemical products,2021-2022
109,als_52716_20240501212810,als_52716,https://www.aboutlawsuits.com/afff/firefighter-foam-contamination-clean-up-report/,PFAS,Cost to Clean Up Firefighter Foam Contamination At Military Bases Could Exceed $31B: Report,2023-05-22 13:30:33+00:00,2024-05-01 21:28:10+00:00,US,Manufacture of chemicals and chemical products,8422
110,als_52624_20240501212904,als_52624,https://www.aboutlawsuits.com/afff/kidde-fenwal-bankruptcy-cost-firefighter-foam-lawsuits/,PFAS,Kidde-Fenwal Files for Bankruptcy Over Cost of Firefighter Foam Lawsuits,2023-05-17 13:30:00+00:00,2024-05-01 21:29:04+00:00,US,Manufacture of other chemical products n.e.c.,2029
111,als_52534_20240501212614,als_52534,https://www.aboutlawsuits.com/afff/afff-injury-lawsuits-second-bellwether-pool/,PFAS,"AFFF Injury Lawsuits To Be Selected For Second Bellwether Pool, As First Water Provider Lawsuit Set For Trial To Begin",2023-05-15 16:10:08+00:00,2024-05-01 21:26:14+00:00,US,Manufacture of chemicals and chemical products,2029
112,als_52571_20230515144647,als_52571,https://www.aboutlawsuits.com/disinfectant-wipe-chemicals-health-risks-study/,PFAS,Disinfectant Wipe Chemicals May Pose Health Risks and Contribute to Antimicrobial Resistance: Study,2023-05-12 12:30:17+00:00,2023-05-15 14:46:47+00:00,US,"Manufacture of soap and detergents, cleaning and polishing preparations, perfumes and toilet preparations",2023
113,als_52563_20230512184008,als_52563,https://www.aboutlawsuits.com/toxic-fumes-household-cleaners-solvents/,PFAS,"Toxic Fumes Are Emitted From Household Cleaners, Cosmetics and Other Consumer Products in U.S. Homes: Study",2023-05-12 14:30:54+00:00,2023-05-12 18:40:08+00:00,US,"Manufacture of soap and detergents, cleaning and polishing preparations, perfumes and toilet preparations",2023-2029
114,als_52501_20240501213020,als_52501,https://www.aboutlawsuits.com/afff/pfas-chemicals-pesticides-study/,PFAS,"PFAS Chemicals Found in Commonly Used Pesticides, Study Finds",2023-05-12 13:30:12+00:00,2024-05-01 21:30:20+00:00,US,Manufacture of pesticides and other agrochemical products,2021-2029
115,als_52433_20240501212818,als_52433,https://www.aboutlawsuits.com/afff/firefighter-turnout-gear-pfas-study/,PFAS,Firefighter Turnout Gear Study Finds High Levels of PFAS Chemicals in Water Repellant Fabrics,2023-05-11 13:30:08+00:00,2024-05-01 21:28:18+00:00,US,Manufacture of wearing apparel,3290
116,als_52359_20230504165111,als_52359,https://www.aboutlawsuits.com/pfas-chemicals-drinking-water-obesity-study/,PFAS,New Study Links PFAS Chemicals In Drinking Water to Increased Risk of Obesity,2023-05-04 13:30:45+00:00,2023-05-04 16:51:11+00:00,US,Manufacture of chemicals and chemical products,2021-2023
117,als_52154_20240501212806,als_52154,https://www.aboutlawsuits.com/afff/firefighter-cancer-rates-tracked-registry/,PFAS,Firefighter Cancer Rates To Be Tracked Through National Registry to Analyze Increased Risks,2023-04-19 13:30:08+00:00,2024-05-01 21:28:06+00:00,US,Fire service activities,8425
118,als_51952_20230412144326,als_51952,https://www.aboutlawsuits.com/pfoa-pfos-drinking-water-regulations/,PFAS,"PFOA or PFOS in Drinking Water Are Not Safe At Any Level, Per EPA Proposed Regulations",2023-04-12 13:30:37+00:00,2023-04-12 14:43:26+00:00,US,Manufacture of chemicals and chemical products,2029
119,als_51836_20240501213022,als_51836,https://www.aboutlawsuits.com/afff/pfas-settlement-chemical-dumping-3m-wolverine/,PFAS,"$54M PFAS Settlement Approved in Toxic Chemical Dumping Lawsuits Against 3M, Wolverine Worldwide",2023-04-05 13:30:27+00:00,2024-05-01 21:30:22+00:00,US,Manufacture of footwear,1520
120,als_51785_20240501212910,als_51785,https://www.aboutlawsuits.com/afff/military-pilot-cancer-rates-study/,PFAS,Elevated Cancer Rates Among U.S. Military Pilots and Ground Crew Highlighted in New Study,2023-04-05 13:30:21+00:00,2024-05-01 21:29:10+00:00,US,Defense activities,8422
121,als_51818_20240501212626,als_51818,https://www.aboutlawsuits.com/afff/eu-pfas-firefighting-foam-ban-proposed/,PFAS,Proposed Ban on PFAS Firefighting Foam in E.U. Backed By Risk Assessment Committee,2023-03-30 15:30:45+00:00,2024-05-01 21:26:26+00:00,EU,Manufacture of chemicals and chemical products,2029
122,als_51566_20240501212804,als_51566,https://www.aboutlawsuits.com/afff/fire-fighters-lawsuit-pfas-chemicals-safety-gear/,PFAS,Fire Fighters Lawsuit Filed Over Cancer-Causing PFAS Chemicals in Safety Gear,2023-03-29 13:30:32+00:00,2024-05-01 21:28:04+00:00,US,Manufacture of protective safety equipment,8425
123,als_51622_20230322184614,als_51622,https://www.aboutlawsuits.com/pfas-exposure-child-development-study/,PFAS,Exposure to PFAS “Forever Chemicals” Can Interfere with Child Growth and Development: Study,2023-03-22 13:31:57+00:00,2023-03-22 18:46:14+00:00,US,Manufacture of chemicals and chemical products,2021-2029
124,als_51021_20240501212811,als_51021,https://www.aboutlawsuits.com/afff/firefighter-foam-immune-system-study/,PFAS,Chemicals in Firefighter Foam Can Suppress Immune System’s First Line of Defense: Study,2023-02-21 15:30:12+00:00,2024-05-01 21:28:11+00:00,US,Manufacture of chemicals and chemical products,2021-2022
125,als_50914_20230210175902,als_50914,https://www.aboutlawsuits.com/eu-considering-pfas-chemical-ban/,PFAS,"European Union Considering Widespread PFAS Chemical Ban Due to Health Risks, Water Contamination",2023-02-10 13:30:26+00:00,2023-02-10 17:59:02+00:00,EU,Manufacture of chemicals and chemical products,2011-2013
126,als_50659_20230130212115,als_50659,https://www.aboutlawsuits.com/study-children-exposed-toxic-cosmetics/,PFAS,"Study Indicates U.S. Children Often Exposed to Toxic Cosmetics, Raising Long-Term Health Risks",2023-01-30 14:30:29+00:00,2023-01-30 21:21:15+00:00,US,Manufacture of other chemical products n.e.c.,2023
127,als_50617_20230128142721,als_50617,https://www.aboutlawsuits.com/simply-orange-pfas-lawsuit/,PFAS,Coca-Cola Faces Class Action Lawsuit Over High PFAS Levels in Simply Orange Juice Products,2023-01-27 15:30:53+00:00,2023-01-28 14:27:21+00:00,US,Manufacture of beverages,1030
128,als_50213_20240501213026,als_50213,https://www.aboutlawsuits.com/afff/study-will-test-method-of-lowering-toxic-firefighter-foam-blood-levels-through-transfusions/,PFAS,Study Will Test Method of Lowering Toxic Firefighter Foam Blood Levels Through Transfusions,2023-01-23 14:30:59+00:00,2024-05-01 21:30:26+00:00,US,Manufacture of chemicals and chemical products,2029
129,als_50394_20230116201403,als_50394,https://www.aboutlawsuits.com/pfas-contamination-lawsuit-pa/,PFAS,Environmental Group Files PFAS Contamination Lawsuit Against Pennsylvania Recycling Company,2023-01-16 14:30:44+00:00,2023-01-16 20:14:03+00:00,US,"Waste collection, treatment and disposal activities; materials recovery",3811-3830
130,als_50357_20240501212806,als_50357,https://www.aboutlawsuits.com/afff/firefighter-cancer-risk-study/,PFAS,Firefighters Risk From Cancer and Other Diseases Highlighted in New Study,2023-01-11 15:30:51+00:00,2024-05-01 21:28:06+00:00,GB,Fire service activities,8425
131,als_50135_20230103194139,als_50135,https://www.aboutlawsuits.com/food-container-pfas-contamination-lawsuit/,PFAS,Food Container Manufacturer Faces PFAS Contamination Lawsuit from Environmental Groups,2023-01-03 14:30:11+00:00,2023-01-03 19:41:39+00:00,US,Manufacture of plastics products,2220
132,als_50055_20221227170327,als_50055,https://www.aboutlawsuits.com/3m-ends-pfas-production-2025/,PFAS,3M Expected To Face Years of Lawsuits Over PFAS Years After Ending Production of “Forever Chemical” in 2025,2022-12-21 15:30:12+00:00,2022-12-27 17:03:27+00:00,US,Manufacture of chemicals and chemical products,2011
133,als_50009_20240501212909,als_50009,https://www.aboutlawsuits.com/afff/military-base-pfas-undercounted/,PFAS,"Pentagon Undercounting Troops, Families Affected by Toxic PFAS Chemicals on Military Bases, Environmentalists Warn",2022-12-19 13:30:21+00:00,2024-05-01 21:29:09+00:00,US,Manufacture of chemicals and chemical products,2021-2029
134,als_49857_20221227170856,als_49857,https://www.aboutlawsuits.com/fogaway-eyeglass-spray-pfas-settlement/,PFAS,Settlement Reached in Lawsuit Over Toxic PFAS Chemicals in FogAway Eyeglasses Cleaner,2022-12-08 13:45:08+00:00,2022-12-27 17:08:56+00:00,US,Manufacture of other chemical products n.e.c.,2023
135,als_49577_20221128190246,als_49577,https://www.aboutlawsuits.com/baltimore-cigarette-butt-litter-lawsuit/,PFAS,Baltimore City Files Lawsuit Over Cigarette Butt Litter Against Tobacco Companies,2022-11-28 14:30:19+00:00,2022-11-28 19:02:46+00:00,US,Manufacture of tobacco products,1200
136,als_49587_20221122194925,als_49587,https://www.aboutlawsuits.com/who-pfas-guidance-letter/,PFAS,Environmental Scientists Call for Stronger WHO Guidance on Toxic PFAS “Forever Chemicals”,2022-11-22 14:30:15+00:00,2022-11-22 19:49:25+00:00,US,Manufacture of chemicals and chemical products,2011-2013
137,als_49447_20240501212625,als_49447,https://www.aboutlawsuits.com/afff/california-pfas-water-contamination-lawsuit/,PFAS,California Files Water Contamination Lawsuit Against Makers of Toxic Firefighter Foam and PFAS Chemicals,2022-11-15 13:30:52+00:00,2024-05-01 21:26:25+00:00,US,Manufacture of chemicals and chemical products,2011-2013
138,als_49272_20221109192726,als_49272,https://www.aboutlawsuits.com/teflon-coated-pans-pfas-study/,PFAS,"Teflon-Coated Pans Release PFAS, Nanoparticles as They Degrade: Study",2022-11-09 14:30:24+00:00,2022-11-09 19:27:26+00:00,AU,Manufacture of chemicals and chemical products,2011-2013
139,als_49315_20221108190527,als_49315,https://www.aboutlawsuits.com/baltimore-water-contamination-pfas-lawsuit/,PFAS,Baltimore City Files Water Contamination Lawsuit Against Manufacturers of Toxic PFAS Chemicals,2022-11-08 13:30:08+00:00,2022-11-08 19:05:27+00:00,US,Manufacture of chemicals and chemical products,2029
140,als_49267_20221115201313,als_49267,https://www.aboutlawsuits.com/camp-lejeune/military-contamination-minority-communities-report/,PFAS,"Water Contamination at Camp Lejeune, Other Military Bases Disproportionately Affected Communities of Color: Report",2022-11-07 15:31:50+00:00,2022-11-15 20:13:13+00:00,US,Defense activities,8422
141,als_49235_20240501212608,als_49235,https://www.aboutlawsuits.com/afff/3m-pfas-contamination-settlement/,PFAS,"3M Settlement Reached with EPA to Clean PFAS Contamination at Cordova, Il. Facility",2022-11-04 13:30:32+00:00,2024-05-01 21:26:08+00:00,US,Manufacture of chemicals and chemical products,2029
142,als_49080_20240501212813,als_49080,https://www.aboutlawsuits.com/afff/firefighter-foam-settlement-discussions-mediator/,PFAS,Mediator Appointed To Facilitate Firefighting Foam Settlement Discussions in MDL,2022-11-01 15:30:48+00:00,2024-05-01 21:28:13+00:00,US,Manufacture of chemicals and chemical products,2021-2022
143,als_49066_20221107151720,als_49066,https://www.aboutlawsuits.com/tampon-pfas-chemicals-study/,PFAS,Study Warns of Potentially Cancer-Causing PFAS Chemicals in Tampon Brands Commonly Used by Women Throughout U.S.,2022-10-27 14:30:32+00:00,2022-11-07 15:17:20+00:00,US,Manufacture of chemicals and chemical products,2029
144,als_48987_20221025213203,als_48987,https://www.aboutlawsuits.com/3m-earplug-lawsuits-docket-trial-prep/,PFAS,"3M Earplug Lawsuits Account for 30% of Federal Case Docket, As Settlement Negotiations and Trial Prep Continue",2022-10-25 16:30:29+00:00,2022-10-25 21:32:03+00:00,US,Manufacture of other chemical products n.e.c.,3250
145,als_49030_20221025181652,als_49030,https://www.aboutlawsuits.com/pfas-farmers-bill/,PFAS,U.S. Lawmakers Introduce PFAS Bill to Help Farmers Clean Up and Monitor Contaminated Fields,2022-10-25 13:30:25+00:00,2022-10-25 18:16:52+00:00,US,"Crop and animal production, hunting and related service activities",0161
146,als_48836_20221014151440,als_48836,https://www.aboutlawsuits.com/pfas-contamination-sites-study/,PFAS,"More than 50,000 PFAS Contamination Sites Nationwide, Study Estimates",2022-10-14 13:30:07+00:00,2022-10-14 15:14:40+00:00,US,Manufacture of chemicals and chemical products,2011-2013
147,als_48736_20221013171626,als_48736,https://www.aboutlawsuits.com/camp-lejeune-pfas-contamination-lawsuit/,PFAS,"Camp Lejeune PFAS Contamination Caused Kidney Cancer Diagnosis, According to Lawsuit Against 3M and Fire Foam Manufacturers",2022-10-13 15:12:57+00:00,2022-10-13 17:16:26+00:00,US,Manufacture of chemicals and chemical products,2029
148,als_48486_20240501212905,als_48486,https://www.aboutlawsuits.com/afff/lawsuit-over-water-contamination-afff-bellwether-trial/,PFAS,"Lawsuit Over Water Contamination in Stuart, Florida Selected For First AFFF Bellwether Trial in June 2023",2022-10-11 15:30:08+00:00,2024-05-01 21:29:05+00:00,US,Manufacture of chemicals and chemical products,2021-2029
149,als_48628_20221005182129,als_48628,https://www.aboutlawsuits.com/boston-artificial-turf-pfas-toxic-effects-ban/,PFAS,Boston Bans All Artificial Turf in City Parks Due to PFAS Toxic Effects,2022-10-05 13:30:29+00:00,2022-10-05 18:21:29+00:00,US,Manufacture of chemicals and chemical products,2220
150,als_48582_20221004180309,als_48582,https://www.aboutlawsuits.com/toxic-water-pollution-report/,PFAS,Polluters Dumped 200 Million lbs. of Toxic Substances in U.S. Waters in 2020: Report,2022-10-04 14:30:52+00:00,2022-10-04 18:03:09+00:00,US,Manufacture of chemicals and chemical products,2011-2599
151,als_48478_20221003183610,als_48478,https://www.aboutlawsuits.com/pfas-umbilical-cord-study/,PFAS,Researchers Warn About Evidence of PFAS in Umbilical Cord Blood Across the Globe,2022-09-27 14:30:09+00:00,2022-10-03 18:36:10+00:00,US,Manufacture of chemicals and chemical products,2029
152,als_48518_20221115201406,als_48518,https://www.aboutlawsuits.com/camp-lejeune/red-hill-water-contamination-lawsuits/,PFAS,Navy Water Contamination Lawsuits Filed Over Red Hill Underground Fuel Storage Leaks in Hawaii,2022-09-30 14:30:30+00:00,2022-11-15 20:14:06+00:00,US,Defense activities,1920
153,als_48398_20220927162315,als_48398,https://www.aboutlawsuits.com/military-pfas-free-firefighting-foam-switch/,PFAS,U.S. Military to Switch to PFAS-Free Firefighting Foam,2022-09-27 13:30:45+00:00,2022-09-27 16:23:15+00:00,US,Manufacture of chemicals and chemical products,2029
154,als_48460_20220926190957,als_48460,https://www.aboutlawsuits.com/pfas-settlement-3m-wolverine/,PFAS,"PFAS Settlement Over Drinking Water Contamination Will Result in $54 Million Payment by 3M, Wolverine",2022-09-26 15:30:47+00:00,2022-09-26 19:09:57+00:00,US,Manufacture of footwear,1511
155,als_48320_20240501212620,als_48320,https://www.aboutlawsuits.com/afff/afff-pfas-chemicals-lawsuits-proceed/,PFAS,"AFFF Lawsuits Over PFAS Chemicals Cleared to Continue, After Judge Rejects “Government Contractor” Defense",2022-09-20 15:30:49+00:00,2024-05-01 21:26:20+00:00,US,Manufacture of chemicals and chemical products,2021-2029
156,als_48146_20240501212935,als_48146,https://www.aboutlawsuits.com/afff/military-base-water-contamination-class-action-lawsuit/,PFAS,Military Base Water Contamination Class Action Lawsuit Filed Against Firefighting Foam Manufacturers,2022-09-14 15:30:16+00:00,2024-05-01 21:29:35+00:00,US,Manufacture of chemicals and chemical products,2021-2029
157,als_48217_20220913171150,als_48217,https://www.aboutlawsuits.com/california-bans-toxic-pfas-chemicals-cosmetics-textiles/,PFAS,"California Bans Toxic PFAS Chemicals From Cosmetics, Certain Textiles",2022-09-13 14:30:54+00:00,2022-09-13 17:11:50+00:00,US,Manufacture of chemicals and chemical products,2023-2029
158,als_47955_20220906184339,als_47955,https://www.aboutlawsuits.com/water-contamination-lawsuits-selected-bellwether-trial/,PFAS,Water Contamination Lawsuits Against Firefighter Foam Manufacturers To Be Selected For First Bellwether Trial,2022-09-06 15:31:38+00:00,2022-09-06 18:43:39+00:00,US,Manufacture of chemicals and chemical products,2029
159,als_48000_20240501212817,als_48000,https://www.aboutlawsuits.com/afff/firefighter-turnout-gear-pfas-cancer-risk-warning/,PFAS,Firefighters Urged to Limit Use of “Turnout Gear” Due to PFAS Cancer Risks,2022-08-31 15:02:13+00:00,2024-05-01 21:28:17+00:00,US,Fire service activities,8425
160,als_48054_20220829165544,als_48054,https://www.aboutlawsuits.com/epa-pfas-chemicals-proposed-rule/,PFAS,EPA Proposes Classifying Some PFAS Chemicals as Hazardous Materials,2022-08-29 13:30:39+00:00,2022-08-29 16:55:44+00:00,US,Manufacture of chemicals and chemical products,2029
161,als_47894_20220819190212,als_47894,https://www.aboutlawsuits.com/pfas-chemical-removal-study/,PFAS,"PFAS Chemicals Destroyed By Simple Method, Northwestern University Researchers Claim",2022-08-19 14:30:56+00:00,2022-08-19 19:02:12+00:00,US,Manufacture of chemicals and chemical products,2011-2013
162,als_47774_20220913130205,als_47774,https://www.aboutlawsuits.com/pfas-chemicals-liver-cancer-study/,PFAS,Study Links PFAS Chemicals in Consumer Products To Liver Cancer,2022-08-15 14:30:06+00:00,2022-09-13 13:02:05+00:00,US,Manufacture of chemicals and chemical products,2011-2029
163,als_47597_20220804192607,als_47597,https://www.aboutlawsuits.com/firefighting-foam-water-contamination-lawsuit-scheduling-order/,PFAS,Firefighting Foam Water Contamination Lawsuit To Be Selected For Trial,2022-08-04 15:30:45+00:00,2022-08-04 19:26:07+00:00,US,Manufacture of chemicals and chemical products,2021-2029
164,als_47622_20220803175211,als_47622,https://www.aboutlawsuits.com/pfas-advisory-levels-lawsuit/,PFAS,Chemical Lobbying Group Files Lawsuit Over New EPA Advisory Levels for PFAS in Drinking Water,2022-08-03 13:30:03+00:00,2022-08-03 17:52:11+00:00,US,Manufacture of chemicals and chemical products,2011-2029
165,als_47529_20220801163744,als_47529,https://www.aboutlawsuits.com/des-moines-pfas-contamination-lawsuits/,PFAS,Des Moines Area Drinking Water Suppliers File PFAS Contamination Lawsuits,2022-08-01 13:32:51+00:00,2022-08-01 16:37:44+00:00,US,Manufacture of chemicals and chemical products,2011-2013
166,als_47561_20220729161138,als_47561,https://www.aboutlawsuits.com/pfas-medical-testing-report/,PFAS,PFAS Medical Testing Recommended For High Risk Individuals,2022-07-29 13:30:35+00:00,2022-07-29 16:11:38+00:00,US,Manufacture of chemicals and chemical products,2029
167,als_47514_20220728165248,als_47514,https://www.aboutlawsuits.com/pfas-exposure-healthcare-costs/,PFAS,"PFAS Exposure Causing Cancer, Thyroid Disease and Childhood Obesity Linked to Billions in Healthcare Costs: Study",2022-07-28 13:30:09+00:00,2022-07-28 16:52:48+00:00,US,Manufacture of chemicals and chemical products,2021-2029
168,als_47516_20220727171616,als_47516,https://www.aboutlawsuits.com/california-water-contamination-report/,PFAS,California Water Contamination May Pose Risks for Nearly 1 Million in State: Report,2022-07-27 14:30:09+00:00,2022-07-27 17:16:16+00:00,US,"Water collection, treatment and supply",3600
169,als_47436_20220725180036,als_47436,https://www.aboutlawsuits.com/wisconsin-pfas-water-contamination-lawsuit/,PFAS,Lawsuit Over PFAS Water Contamination in Wisconsin Filed By State’s Attorney General,2022-07-25 13:30:48+00:00,2022-07-25 18:00:36+00:00,US,Manufacture of chemicals and chemical products,2029
170,als_47382_20240501212902,als_47382,https://www.aboutlawsuits.com/afff/firefighters-pfas-exposure-lawsuit/,PFAS,Nearly Two Dozen Firefighters Join Together in Lawsuit Over PFAS  Exposure from Firefighting Foam,2022-07-22 16:30:20+00:00,2024-05-01 21:29:02+00:00,US,Manufacture of chemicals and chemical products,2021-2029
171,als_47306_20220722032630,als_47306,https://www.aboutlawsuits.com/northrop-grumman-pfas-contamination-consent-decree/,PFAS,New York Reaches $104M Consent Decree in Water Contamination Lawsuit Against Northrop Grumman,2022-07-18 13:30:00+00:00,2022-07-22 03:26:30+00:00,US,Manufacture of air and spacecraft and related machinery,3030
172,als_47228_20221115201601,als_47228,https://www.aboutlawsuits.com/camp-lejeune/camp-lejeune-water-contamination-afff-lawsuit/,PFAS,AFFF Lawsuit Alleges Camp Lejeune Water Contamination Caused Ulcerative Colitis,2022-07-14 16:30:23+00:00,2022-11-15 20:16:01+00:00,US,Manufacture of chemicals and chemical products,2021-2029
173,als_47116_20220712180217,als_47116,https://www.aboutlawsuits.com/army-firefighter-prostate-cancer-foam-exposure-lawsuit/,PFAS,Army Firefighter Was Diagnosed with Prostate Cancer From Foam Exposure: Lawsuit,2022-07-12 15:30:24+00:00,2022-07-12 18:02:17+00:00,DE,Manufacture of chemicals and chemical products,2029
174,als_47207_20220708164149,als_47207,https://www.aboutlawsuits.com/baltimore-pfas-levels-report/,PFAS,PFAS Levels in Baltimore Water System Higher Than New EPA Health Advisory Levels: Report,2022-07-08 14:30:07+00:00,2022-07-08 16:41:49+00:00,US,Manufacture of chemicals and chemical products,2021-2029
175,als_47026_20220705191038,als_47026,https://www.aboutlawsuits.com/state-pfas-contamination-cleanup-laws/,PFAS,“Polluter Pays” Legislation May Force Companies to Finance PFAS Contamination Cleanup in Several States,2022-06-28 13:30:38+00:00,2022-07-05 19:10:38+00:00,US,Manufacture of chemicals and chemical products,2011-2013
176,als_46830_20220621145813,als_46830,https://www.aboutlawsuits.com/pfas-chemicals-hypertension-study/,PFAS,PFAS Chemicals Found in Firefighting Foam May Increase Hypertension Risks: Study,2022-06-21 13:30:05+00:00,2022-06-21 14:58:13+00:00,US,Manufacture of chemicals and chemical products,2021-2029
177,als_46833_20220705194656,als_46833,https://www.aboutlawsuits.com/epa-pfas-drinking-water-risks-warning/,PFAS,EPA Warns PFAS in Drinking Water Causes Health Risks Even At Low Levels,2022-06-16 13:45:29+00:00,2022-07-05 19:46:56+00:00,US,Manufacture of chemicals and chemical products,2029
178,als_46700_20220705185927,als_46700,https://www.aboutlawsuits.com/minnesota-pfas-drinking-water-contamination-map/,PFAS,Interactive Map of PFAS Drinking Water Contamination Launched for Minnesota Residents,2022-06-13 14:23:07+00:00,2022-07-05 18:59:27+00:00,US,Manufacture of chemicals and chemical products,2011
179,als_46611_20220826164134,als_46611,https://www.aboutlawsuits.com/camp-lejeune-pfas-exposure-lawsuit/,PFAS,Former Camp LeJeune Marine Files Kidney Cancer Lawsuit Over PFAS Exposure From Drinking Water on Base,2022-06-07 15:30:17+00:00,2022-08-26 16:41:34+00:00,US,Manufacture of chemicals and chemical products,2029
180,als_46619_20220705191512,als_46619,https://www.aboutlawsuits.com/wisconsin-public-water-pfas-warning/,PFAS,Wisconsin Residents Warned Not To Drink Public Water Over High Levels of PFAS,2022-06-06 14:30:23+00:00,2022-07-05 19:15:12+00:00,US,Manufacture of chemicals and chemical products,2029
181,als_46577_20220705185724,als_46577,https://www.aboutlawsuits.com/military-drinking-water-pfas-contamination/,PFAS,Drinking Water PFAS Contamination Near Military Bases Highlighted in Defense Department Data,2022-06-02 13:30:34+00:00,2022-07-05 18:57:24+00:00,US,Manufacture of chemicals and chemical products,8422
182,als_46555_20220531152901,als_46555,https://www.aboutlawsuits.com/pfas-liability-contaminated-sites-superfund/,PFAS,PFAS Liability Concerns Raised by Utilities After Proposal to Place Contaminated Sites Under Superfund Program,2022-05-31 13:30:02+00:00,2022-05-31 15:29:01+00:00,US,"Water collection, treatment and supply",3600
183,als_46357_20220519190838,als_46357,https://www.aboutlawsuits.com/pfas-water-contamination-lawsuit/,PFAS,PFAS Water Contamination Lawsuit Filed By 33 Plaintiffs Over Illnesses and Property Damage From Firefighter Foam,2022-05-19 15:31:34+00:00,2022-05-19 19:08:38+00:00,US,Manufacture of chemicals and chemical products,2021-2029
184,als_46103_20220516184047,als_46103,https://www.aboutlawsuits.com/afff-lawsuits-water-contamination-trial-begins-march-2023/,PFAS,AFFF Lawsuits Over Water Contamination To Be Ready For Trial To Begin By March 2023,2022-05-16 15:30:11+00:00,2022-05-16 18:40:47+00:00,US,Manufacture of chemicals and chemical products,2029
185,als_46227_20220512150452,als_46227,https://www.aboutlawsuits.com/toxic-pfas-chemicals-child-clothing-study/,PFAS,Toxic PFAS Chemicals Often Found in Children’s Clothing: Study,2022-05-12 14:00:26+00:00,2022-05-12 15:04:52+00:00,GB,Manufacture of chemicals and chemical products,1410-1430
186,als_46110_20240501213040,als_46110,https://www.aboutlawsuits.com/afff/prostate-cancer-diagnosis-pfas-foam-lawsuit/,PFAS,Prostate Cancer Diagnosis Blamed on Firefighter’s Exposure to PFAS Foam,2022-05-06 15:31:22+00:00,2024-05-01 21:30:40+00:00,US,Manufacture of chemicals and chemical products,2021-2029
187,als_46158_20220505172659,als_46158,https://www.aboutlawsuits.com/pfas-exposure-bone-study/,PFAS,Study Finds PFAS Exposure May Weaken Bones in Teen Boys,2022-05-05 14:30:11+00:00,2022-05-05 17:26:59+00:00,US,Manufacture of chemicals and chemical products,2029
188,als_45991_20220428154408,als_45991,https://www.aboutlawsuits.com/asbestos-ban-increased-pfas-use/,PFAS,EPA Asbestos Ban Could Lead to Increased PFAS Use,2022-04-28 14:30:45+00:00,2022-04-28 15:44:08+00:00,US,Manufacture of basic chemicals,2011
189,als_45887_20220425170249,als_45887,https://www.aboutlawsuits.com/firefighter-foam-chemicals-farmland-contaminated/,PFAS,Firefighter Foam Chemicals Contaminated 20 Million Acres of U.S. Farmland: Report,2022-04-25 13:30:30+00:00,2022-04-25 17:02:49+00:00,US,"Waste collection, treatment and disposal activities; materials recovery",3700
190,als_45732_20220421181624,als_45732,https://www.aboutlawsuits.com/firefighter-instructor-training-foam-prostate-cancer-diagnosis/,PFAS,Firefighter Instructor Files Lawsuit Over Prostate Cancer Diagnosis From Training Foam Exposure,2022-04-21 15:30:46+00:00,2022-04-21 18:16:24+00:00,US,Manufacture of chemicals and chemical products,8425
191,als_45731_20220705190507,als_45731,https://www.aboutlawsuits.com/loreal-class-action-lawsuit-pfas/,PFAS,L’Oreal Faces Class Action Lawsuit Over Presence of PFAS Chemicals,2022-04-11 14:30:10+00:00,2022-07-05 19:05:07+00:00,US,Manufacture of cosmetics and personal care products,2023
192,als_45629_20220705190317,als_45629,https://www.aboutlawsuits.com/mcdonalds-pfas-chemicals-class-action/,PFAS,McDonald’s Class Action Lawsuit Filed Over Use of PFAS Chemicals in Wrappers,2022-04-13 14:30:55+00:00,2022-07-05 19:03:17+00:00,US,Manufacture of food products,5610
193,als_45580_20220405175722,als_45580,https://www.aboutlawsuits.com/anti-fire-foam-exposure-lawsuit/,PFAS,"Anti-Fire Foam Exposure Led to Prostate Cancer and Kidney Cancer, Firefighter’s Lawsuit Claims",2022-04-05 16:34:06+00:00,2022-04-05 17:57:22+00:00,US,Manufacture of chemicals and chemical products,8425
194,als_45531_20220404154407,als_45531,https://www.aboutlawsuits.com/trublend-toxic-chemicals-lawsuit/,PFAS,CoverGirl Class Action Lawsuit Filed Over Toxic Chemicals in TruBlend Pressed Powder Cosmetics,2022-04-04 14:30:17+00:00,2022-04-04 15:44:07+00:00,US,Manufacture of cosmetics and personal care products,2042
195,als_45491_20220330171532,als_45491,https://www.aboutlawsuits.com/pfas-chemicals-fast-food-restaurant-packaging/,PFAS,PFAS Chemicals Used in Firefighter Foam Found in Major Fast Food and Restaurant Packaging: Consumer Reports,2022-03-30 13:30:14+00:00,2022-03-30 17:15:32+00:00,US,Manufacture of chemicals and chemical products,2029
196,als_45430_20220325173532,als_45430,https://www.aboutlawsuits.com/pfas-exposure-liver-function-study/,PFAS,"PFAS Exposure May Reduce Liver Function, Study Warns",2022-03-25 13:30:37+00:00,2022-03-25 17:35:32+00:00,US,Manufacture of chemicals and chemical products,2029
197,als_45384_20220705192014,als_45384,https://www.aboutlawsuits.com/illinois-pfas-water-contamination-lawsuit/,PFAS,Illinois Files PFAS Lawsuit Against 3M Over Water Contamination,2022-03-21 13:30:33+00:00,2022-07-05 19:20:14+00:00,US,Manufacture of chemicals and chemical products,2011-2013
198,als_45179_20220308192515,als_45179,https://www.aboutlawsuits.com/california-pfas-cosmetics-ban-bill/,PFAS,California Lawmakers Considering Ban on PFAS in Cosmetics,2022-03-08 13:46:27+00:00,2022-03-08 19:25:15+00:00,US,Manufacture of cosmetics and personal care products,2023
199,als_45103_20220304192919,als_45103,https://www.aboutlawsuits.com/maryland-pfas-ban-firefighters-concers-afff-exposures/,PFAS,PFAS Ban Passed By Maryland Senate With Support From State Firefighters Concerned About AFFF Exposures,2022-03-04 13:30:55+00:00,2022-03-04 19:29:19+00:00,US,Manufacture of chemicals and chemical products,2029
200,als_44991_20220228185435,als_44991,https://www.aboutlawsuits.com/pfas-chemicals-breast-milk-study/,PFAS,Study Raises Concerns Over High Levels of PFAS Chemicals In Breast Milk,2022-02-28 13:30:42+00:00,2022-02-28 18:54:35+00:00,US,Manufacture of chemicals and chemical products,2059
201,als_44610_20220705192426,als_44610,https://www.aboutlawsuits.com/wrongful-death-lawsuit-anti-fire-foam-prostate-cancer/,PFAS,Wrongful Death Lawsuit Filed Over Firefighter’s Prostate Cancer Diagnosis From Anti-Foam,2022-02-11 15:30:38+00:00,2022-07-05 19:24:26+00:00,US,Manufacture of chemicals and chemical products,2029
202,als_44663_20220705191327,als_44663,https://www.aboutlawsuits.com/pfas-environmental-lawsuit-proceeds/,PFAS,PFAS Environmental Lawsuit Over Health Problems From Toxic Waste Disposal Allowed to Proceed,2022-02-09 13:30:39+00:00,2022-07-05 19:13:27+00:00,US,Manufacture of chemicals and chemical products,2011-2013
203,als_44373_20220124171702,als_44373,https://www.aboutlawsuits.com/pfas-contamination-rules-lawsuit/,PFAS,Environmental Groups Sue EPA Over PFAS Contamination Rules,2022-01-24 13:30:49+00:00,2022-01-24 17:17:02+00:00,US,Manufacture of chemicals and chemical products,2029
204,als_44297_20220121194501,als_44297,https://www.aboutlawsuits.com/air-force-firefighter-afff-kidney-cancer/,PFAS,Air Force Firefighter Files Lawsuit Over Kidney Cancer Diagnosis from AFFF Chemicals,2022-01-21 15:30:43+00:00,2022-01-21 19:45:01+00:00,US,Manufacture of chemicals and chemical products,2029
205,als_44187_20220705191747,als_44187,https://www.aboutlawsuits.com/covergirl-pfas-lawsuit/,PFAS,Cover Girl Lawsuit Alleges Products Exposed Consumers to Dangerous PFAS Chemicals,2022-01-13 14:26:35+00:00,2022-07-05 19:17:47+00:00,US,Manufacture of cosmetics and personal care products,2042
206,als_44184_20220112183525,als_44184,https://www.aboutlawsuits.com/pfas-chemicals-advisory-hearing/,PFAS,EPA Hearing On Two Major PFAS Chemicals Leads To Calls For Cancer Warnings,2022-01-12 13:30:02+00:00,2022-01-12 18:35:25+00:00,US,Manufacture of chemicals and chemical products,2029
207,als_44109_20220107190318,als_44109,https://www.aboutlawsuits.com/toxic-pfas-chemicals-anti-fogging-study/,PFAS,"Anti-Fogging Sprays and Wipes For Glasses Loaded With Toxic PFAS Chemicals, Duke Researchers Warn",2022-01-07 13:30:02+00:00,2022-01-07 19:03:18+00:00,US,Manufacture of chemicals and chemical products,2029
208,als_44053_20220105192418,als_44053,https://www.aboutlawsuits.com/wisconsin-forever-chemicals-standards/,PFAS,Wisconsin May Become Latest State To Begin Regulating Toxic “Forever Chemicals” Found In Firefighter Foam,2022-01-05 13:30:37+00:00,2022-01-05 19:24:18+00:00,US,Manufacture of chemicals and chemical products,2029
209,als_43696_20211210173919,als_43696,https://www.aboutlawsuits.com/maine-deer-pfas-contamination-advisory/,PFAS,Maine Residents Warned Not To Eat Deer Near PFAS Contamination Site,2021-12-10 13:30:29+00:00,2021-12-10 17:39:19+00:00,US,Manufacture of chemicals and chemical products,2011-2013
210,als_43553_20211209203045,als_43553,https://www.aboutlawsuits.com/firefighting-foam-water-contamination-lawsuits-trial-schedule/,PFAS,Firefighting Foam Water Contamination Lawsuits On Track For First Jury Trial in Jan. 2023,2021-12-09 16:30:43+00:00,2021-12-09 20:30:45+00:00,US,Manufacture of chemicals and chemical products,2029
211,als_43669_20211209175603,als_43669,https://www.aboutlawsuits.com/for-martha-microplastics-antibiotic-resistance-study/,PFAS,Microplastics and Polystyrene Pollution May Contribute To Antibiotic Resistance: Study,2021-12-09 12:30:50+00:00,2021-12-09 17:56:03+00:00,US,Manufacture of plastics products,2221-2229
212,als_43267_20240501213024,als_43267,https://www.aboutlawsuits.com/afff/skin-cancer-lawsuit-firefighter-foam-exposure-risks/,PFAS,Skin Cancer Lawsuit Filed By Firefighter Over Foam Exposure Risks,2021-11-12 14:45:30+00:00,2024-05-01 21:30:24+00:00,US,Manufacture of chemicals and chemical products,2029
213,als_43301_20211115175454,als_43301,https://www.aboutlawsuits.com/infrastructure-bill-pfas-grants/,PFAS,Infrastructure Bill Contains $10B to Clean Up Water Contaminants From Toxic Firefighter Foam,2021-11-15 13:30:00+00:00,2021-11-15 17:54:54+00:00,US,Manufacture of chemicals and chemical products,2011
214,als_42989_20211102170550,als_42989,https://www.aboutlawsuits.com/pfas-reporting-requirements/,PFAS,EPA To Issue Reporting Requirements for 20 PFAS Compounds Before End of the Year: Report,2021-11-02 13:30:22+00:00,2021-11-02 17:05:50+00:00,US,Manufacture of chemicals and chemical products,2011-2013
215,als_42890_20220705193013,als_42890,https://www.aboutlawsuits.com/afff-air-force-breast-cancer-lawsuit/,PFAS,"Drinking PFAS Contaminated Water Led To Breast Cancer Diagnosis, Lawsuit Claims",2021-10-25 13:30:58+00:00,2022-07-05 19:30:13+00:00,US,Manufacture of chemicals and chemical products,2021-2029
216,als_42782_20211020163050,als_42782,https://www.aboutlawsuits.com/epa-reporting-requirement-pfas/,PFAS,Companies Will Be Required To Report Use of PFAS “Forever Chemicals” Under New EPA Rules,2021-10-20 13:30:09+00:00,2021-10-20 16:30:50+00:00,US,Manufacture of chemicals and chemical products,2011-2013
217,als_37814_20240501212609,als_37814,https://www.aboutlawsuits.com/afff/afff-airforce-vet-kidney-cancer-189273/,PFAS,Air Force Base Water Contamination Lawsuit Filed Over Kidney Cancer From Fire Foam Chemicals,2021-10-14 16:30:27+00:00,2024-05-01 21:26:09+00:00,US,Manufacture of chemicals and chemical products,2021-2029
218,als_37720_20240501213019,als_37720,https://www.aboutlawsuits.com/afff/navy-firefighter-foam-cancer-lawsuit-188369/,PFAS,Navy Veteran Claims Firefighter Foam Exposure Led To Testicular Cancer,2021-09-13 15:30:33+00:00,2024-05-01 21:30:19+00:00,US,Manufacture of chemicals and chemical products,2021-2022
219,,als_37715,https://www.aboutlawsuits.com/firefighter-foam-replacement-188313/,PFAS,"Firefighters, States, Struggle To Find Replacements for Toxic Foam",2021-09-09 13:30:06+00:00,,US,Manufacture of chemicals and chemical products,8425
220,,als_37650,https://www.aboutlawsuits.com/air-force-firefighter-foam-lawsuit-187799/,PFAS,"Air Force Firefighter Developed Prostate Cancer Due To Fire Foam Exposure, Lawsuit Claims",2021-08-31 15:30:32+00:00,,US,Manufacture of chemicals and chemical products,2029
221,als_37636_20220705193332,als_37636,https://www.aboutlawsuits.com/breast-cancer-firefighter-foam-lawsuit-187710/,PFAS,Breast Cancer Lawsuit Filed Over Drinking Water Tainted With Firefighting Foam Chemicals,2021-08-25 15:37:00+00:00,2022-07-05 19:33:32+00:00,US,Manufacture of chemicals and chemical products,2029
222,,als_37591,https://www.aboutlawsuits.com/afff-water-contamination-bellwether-187332/,PFAS,AFFF Water Contamination Lawsuit To Be Prepared For Bellwether Trial in January 2023,2021-08-23 15:30:16+00:00,,US,Manufacture of chemicals and chemical products,2029
223,,als_37596,https://www.aboutlawsuits.com/pfas-reporting-rule-pushback-187417/,PFAS,Chemical Industry Asks EPA to Weaken Proposed PFAS Reporting Rules,2021-08-16 13:30:28+00:00,,US,Manufacture of chemicals and chemical products,2011-2013
224,als_37465_20240501212907,als_37465,https://www.aboutlawsuits.com/afff-lawsuit/maine-pfas-ban-186186/,PFAS,Maine Bans Use of PFAS Chemicals Used In Firefighter Foam and Other Products By 2030,2021-07-23 13:30:32+00:00,2024-05-01 21:29:07+00:00,US,Manufacture of chemicals and chemical products,2011-2013
225,,als_37415,https://www.aboutlawsuits.com/firefighter-lawsuit-kidney-prostate-cancer-afff-foam-185596/,PFAS,"Firefighter Files Lawsuit Over Kidney Cancer, Prostate Cancer Diagnosis Caused By AFFF Foam",2021-07-12 15:30:34+00:00,,US,Manufacture of chemicals and chemical products,8425
226,,als_37398,https://www.aboutlawsuits.com/pfas-food-investigation-185431/,PFAS,"FDA Finds Little Evidence of PFAS Food Contamination, So Far",2021-07-07 13:30:40+00:00,,US,Manufacture of chemicals and chemical products,2029
227,,als_37384,https://www.aboutlawsuits.com/afff-military-costs-report-185352/,PFAS,Removing Firefighter Foam Chemicals From Military Bases Could Cost $2.1B: GAO Report,2021-06-30 13:30:47+00:00,,US,Manufacture of chemicals and chemical products,2021
228,,als_37344,https://www.aboutlawsuits.com/fire-foam-exposure-air-force-base-kidney-cancer-185072/,PFAS,"Fire Foam Exposure at Air Force Base Led To Kidney Cancer, Veteran’s Lawsuit Alleges",2021-06-25 13:30:18+00:00,,US,Manufacture of chemicals and chemical products,2029
229,als_37329_20240501213018,als_37329,https://www.aboutlawsuits.com/afff-lawsuit/navy-pfas-thyroid-lawsuit-184949/,PFAS,"Firefighter Foam Exposure Led To Thyroid Disease, Navy Veteran’s Lawsuit Alleges",2021-06-22 15:30:10+00:00,2024-05-01 21:30:18+00:00,US,Manufacture of chemicals and chemical products,2029
230,,als_37336,https://www.aboutlawsuits.com/pfas-cosmetics-ban-bill-184991/,PFAS,Lawmakers Move To Ban PFAS Use In Cosmetics After Study’s Findings Raise Health Concerns,2021-06-18 13:30:28+00:00,,US,Manufacture of cosmetics and similar articles,2023
231,,als_37296,https://www.aboutlawsuits.com/tallahassee-pfas-lawsuit-184694/,PFAS,Tallahassee Files Lawsuit Over Water Contamination Caused By Firefighter Foam Chemicals,2021-06-09 15:30:20+00:00,,US,Manufacture of chemicals and chemical products,2021
232,als_37259_20240501212622,als_37259,https://www.aboutlawsuits.com/afff/air-force-afff-cancer-lawsuit-184373/,PFAS,Air Force Veteran Files Firefighter Foam Exposure Lawsuit Over Kidney Cancer Diagnosis from Water Contamination on Military Base,2021-06-04 15:30:06+00:00,2024-05-01 21:26:22+00:00,US,Manufacture of chemicals and chemical products,2029
233,,als_37218,https://www.aboutlawsuits.com/firefighter-foam-prostate-cancer-lawsuit-2-184089/,PFAS,Texas Firefighter Says Prostate Cancer Diagnosis Caused By Aqueous Film-Forming Foam (AFFF): Lawsuit,2021-05-26 16:30:42+00:00,,US,Manufacture of chemicals and chemical products,2029
234,als_37203_20240501212805,als_37203,https://www.aboutlawsuits.com/afff/fire-foam-wrongful-death-lawsuit-pancreatic-cancer-183993/,PFAS,Fire Foam Wrongful Death Lawsuit Filed Over Fireman’s Fatal Case of Pancreatic Cancer,2021-05-24 14:30:44+00:00,2024-05-01 21:28:05+00:00,US,Manufacture of chemicals and chemical products,2029
235,,als_37186,https://www.aboutlawsuits.com/toxic-pfas-chemical-birth-defects-lawsuit-183906/,PFAS,"Toxic Chemicals In Firefighter Foam Caused Birth Defects, Paralysis, New Jersey Woman Claims",2021-05-19 15:30:24+00:00,,US,Manufacture of chemicals and chemical products,2011-2013
236,,als_37180,https://www.aboutlawsuits.com/afff-water-district-lawsuit-183838/,PFAS,"Fire Fighter Foam Chemicals Contaminating California Water Basins, Lawsuit Alleges",2021-05-17 13:30:55+00:00,,US,Manufacture of chemicals and chemical products,2059
237,,als_37158,https://www.aboutlawsuits.com/3m-michigan-pfas-lawsuit-183676/,PFAS,3M Challenges Michigan Rules Seeking To Make Drinking Water Safe From “Forever Chemicals”,2021-05-10 13:30:28+00:00,,US,Manufacture of chemicals and chemical products,2029
238,,als_37151,https://www.aboutlawsuits.com/firefighter-pfas-exposure-study-183606/,PFAS,Toxic Foam Exposure Causes Buildup of Cancer-Causing Chemicals In Firefighters: Study,2021-05-07 16:00:44+00:00,,US,Manufacture of chemicals and chemical products,8425
239,,als_37148,https://www.aboutlawsuits.com/vermont-pfas-ban-vote-183578/,PFAS,Vermont Lawmakers Vote To Ban PFAS Chemicals in Consumer Products,2021-05-06 13:30:56+00:00,,US,Manufacture of chemicals and chemical products,2029
240,,als_37107,https://www.aboutlawsuits.com/hydraulic-fracturing-pfas-lawsuit-183304/,PFAS,Hydraulic Fracturing Worker’s Lawsuit Alleges Firefighting Foam Exposure Led to Prostate Cancer,2021-04-28 15:25:01+00:00,,US,Extraction of crude petroleum and natural gas,0620
241,,als_37086,https://www.aboutlawsuits.com/volunteer-firefighter-prostate-cancer-lawsuit-183149/,PFAS,"Volunteer Firefighter Developed Prostate Cancer After Toxic Foam Exposure, Lawsuit Claims",2021-04-26 16:08:03+00:00,,US,Manufacture of chemicals and chemical products,2021-2029
242,,als_37050,https://www.aboutlawsuits.com/pfas-regulatory-legislation-182807/,PFAS,"Legislation Would Order EPA To Regulate, Set Standards, For “Forever Chemicals” Found in Firefighter Foam",2021-04-16 13:30:17+00:00,,US,Manufacture of chemicals and chemical products,2029
243,,als_37044,https://www.aboutlawsuits.com/water-district-afff-lawsuit-182797/,PFAS,Water District Files Lawsuit Over Contamination From Firefighting Foam Used at Nearby Air Force Base,2021-04-15 15:30:25+00:00,,US,Manufacture of chemicals and chemical products,2021-2029
244,als_36973_20240501212812,als_36973,https://www.aboutlawsuits.com/afff/firefighter-foam-lymphoma-lawsuit-182308/,PFAS,Firefighter Non-Hodgkin’s Lymphoma Lawsuit Filed Over Exposure to Toxic Chemicals in Anti-Fire Foam,2021-04-07 16:30:29+00:00,2024-05-01 21:28:12+00:00,US,Manufacture of chemicals and chemical products,8425
245,,als_36963,https://www.aboutlawsuits.com/volunteer-firefighter-foam-cancer-lawsuit-2-182246/,PFAS,Firefighter Files Lawsuit Alleging Toxic Foam Caused Cancer Diagnosis,2021-04-02 16:30:05+00:00,,US,Manufacture of chemicals and chemical products,2029
246,,als_36939,https://www.aboutlawsuits.com/pfoa-prop-65-listing-182098/,PFAS,"Cancer Warnings Should Be Added To PFOA Products In California, Health Agency Says",2021-03-25 13:30:19+00:00,,US,Manufacture of chemicals and chemical products,2029
247,,als_36933,https://www.aboutlawsuits.com/pfas-breast-milk-study-182087/,PFAS,Women in Wealthier Countries More Likely To Have Toxic Firefighter Foam Chemicals In Breast Milk: Study,2021-03-23 13:30:54+00:00,,SE,Manufacture of chemicals and chemical products,2021-2022
248,,als_36910,https://www.aboutlawsuits.com/firefighter-testicular-cancer-film-forming-foam-lawsuit-181893/,PFAS,"Firefighter Developed Testicular Cancer Due To Use Of Film-Forming Foam, Lawsuit Alleges",2021-03-19 16:40:21+00:00,,US,Manufacture of chemicals and chemical products,2029
249,,als_36919,https://www.aboutlawsuits.com/pfas-bill-181974/,PFAS,Bill To Protect First Responders from Toxic Firefighter Foam Chemicals Moves Forward In Senate,2021-03-18 15:30:36+00:00,,US,Manufacture of chemicals and chemical products,2029
250,,als_36830,https://www.aboutlawsuits.com/pfas-covid-studies-181290/,PFAS,New Studies To Explore Whether Chemicals In Firefighter Foam Contributed To COVID-19 Pandemic,2021-03-12 13:30:02+00:00,,US,Manufacture of chemicals and chemical products,2029
251,,als_36864,https://www.aboutlawsuits.com/prostate-cancer-foam-lawsuit-181505/,PFAS,Prostate Cancer Lawsuit Filed Over Firefighter Foam Exposure,2021-03-11 16:30:22+00:00,,US,Manufacture of chemicals and chemical products,2029
252,,als_36883,https://www.aboutlawsuits.com/foam-prostate-cancer-lawsuit-181619/,PFAS,"Lawsuit Alleges Firefighting Foam Used At Airport Contaminated Water Supply, Leading to Cancer Diagnosis",2021-03-05 16:10:46+00:00,,US,Manufacture of chemicals and chemical products,2021
253,,als_36869,https://www.aboutlawsuits.com/prenatal-pfas-exposure-study-2-181509/,PFAS,Pre-Natal PFAS Exposure Linked To Cognitive Developmental Delays: Study,2021-03-04 13:30:00+00:00,,US,Manufacture of chemicals and chemical products,2029
254,,als_36814,https://www.aboutlawsuits.com/lawsuit-cancer-firefighting-foam-application-181235/,PFAS,Lawsuit Alleges Kidney Cancer Caused by Firefighting Foam Application,2021-02-25 16:30:04+00:00,,US,Manufacture of chemicals and chemical products,8425
255,,als_36781,https://www.aboutlawsuits.com/pennsylvania-water-company-afff-lawsuit-180980/,PFAS,Pennsylvania Water Contamination Lawsuit Filed Against Firefighting Foam Manufacturers,2021-02-23 15:30:22+00:00,,US,Manufacture of chemicals and chemical products,3600
256,,als_36796,https://www.aboutlawsuits.com/pfas-miscarriage-study-181075/,PFAS,PFAS Exposure During Pregnancy May Increase Risk of Miscarriage: Study,2021-02-19 13:45:07+00:00,,SE,Manufacture of chemicals and chemical products,2029
257,als_36766_20240501213017,als_36766,https://www.aboutlawsuits.com/afff/navy-fire-foam-exposure-cancer-lawsuit-180836/,PFAS,"Navy Engineer Diagnosed With Kidney Cancer From Fire Foam Exposure on Aircraft Carrier, Lawsuit Alleges",2021-02-18 15:27:19+00:00,2024-05-01 21:30:17+00:00,US,Manufacture of chemicals and chemical products,2059
258,,als_36744,https://www.aboutlawsuits.com/afff-prostate-cancer-lawsuit-3-180647/,PFAS,Firefighter Files Prostate Cancer Lawsuit Over Exposure to Toxic Foam at Airforce Bases and Working For Civilian Fire Department,2021-02-12 16:30:12+00:00,,US,Manufacture of chemicals and chemical products,8425
259,,als_36760,https://www.aboutlawsuits.com/pfas-research-restriction-180788/,PFAS,"Chemical Manufacturer Prevents Independent Research For PFAS Contamination in Water, Soil: Report",2021-02-11 13:10:37+00:00,,CA,Manufacture of chemicals and chemical products,2011
260,,als_36711,https://www.aboutlawsuits.com/firefighting-foam-settlement-180357/,PFAS,Firefighting Foam Class Action Settlement Approved Over Tyco Fire Products Testing Site,2021-02-04 13:30:16+00:00,,US,Manufacture of chemicals and chemical products,2029
261,,als_36720,https://www.aboutlawsuits.com/new-york-pfas-emissions-regs-180457/,PFAS,New York To Regulate Some PFAS Air Emissions,2021-02-03 13:30:26+00:00,,US,Manufacture of chemicals and chemical products,2029
262,,als_36690,https://www.aboutlawsuits.com/firefighter-foam-testicular-cancer-lawsuit-3-180187/,PFAS,"Firefighter Foam Caused Testicular Germ Cell Carcinoma Diagnosis, Lawsuit Alleges",2021-02-01 16:31:06+00:00,,US,Manufacture of chemicals and chemical products,2029
263,,als_36706,https://www.aboutlawsuits.com/pfas-birth-defects-lawsuit-180284/,PFAS,PFAS Lawsuit Claims Girl Born With Developmental And Physical Defects Due To Nearby Plastics Factories,2021-01-29 13:30:28+00:00,,US,Manufacture of chemicals and chemical products,2011-2013
264,,als_36665,https://www.aboutlawsuits.com/firefighter-foam-well-contamination-179942/,PFAS,Firefighter Foam Class Action Lawsuit Filed Over Pollution of Private Wells,2021-01-25 15:30:01+00:00,,US,Manufacture of chemicals and chemical products,2029
265,,als_36645,https://www.aboutlawsuits.com/fire-foam-testicular-cancer-lawsuit-179785/,PFAS,Fire Foam Testicular Cancer Lawsuit Filed Over Firefighter’s Exposure to Toxic Chemicals,2021-01-21 16:30:30+00:00,,US,Manufacture of chemicals and chemical products,2029
266,,als_36662,https://www.aboutlawsuits.com/pfas-settlement-roadmap-179932/,PFAS,Tyco PFAS Agreement May Be Blueprint for Future Firefighter Foam Settlements,2021-01-20 13:30:39+00:00,,US,Manufacture of chemicals and chemical products,2051
267,,als_36620,https://www.aboutlawsuits.com/aqueous-film-forming-foam-afff-colon-cancer-lawsuit-filed-by-south-carolina-firefighter-179616/,PFAS,Aqueous Film Forming Foam (AFFF) Colon Cancer Lawsuit Filed By South Carolina Firefighter,2021-01-15 16:30:06+00:00,,US,Manufacture of chemicals and chemical products,2021-2029
268,,als_36623,https://www.aboutlawsuits.com/pfas-guidance-report-179649/,PFAS,White House Interfered With Stricter PFAS Investigation: Report,2021-01-13 13:20:22+00:00,,US,Manufacture of chemicals and chemical products,2029
269,,als_36609,https://www.aboutlawsuits.com/tyco-firefighter-foam-settlement-179537/,PFAS,Tyco To Pay $17.5M to Settle Fire Fighter Foam Water Contamination Class Action Lawsuit,2021-01-08 15:30:55+00:00,,US,Manufacture of chemicals and chemical products,2029
270,,als_36577,https://www.aboutlawsuits.com/epa-pfas-guidance-179268/,PFAS,EPA Releases Interim Guidelines On Destroying and Disposing Of PFAS Chemicals,2020-12-31 12:55:09+00:00,,US,Manufacture of chemicals and chemical products,2021-2029
271,,als_36547,https://www.aboutlawsuits.com/pfas-covid-vaccine-study-178992/,PFAS,PFAS Exposure Could Make COVID-19 Vaccine Less Effective: Study,2020-12-18 13:30:21+00:00,,US,Manufacture of chemicals and chemical products,2029
272,,als_36533,https://www.aboutlawsuits.com/epa-pfas-strategy-178914/,PFAS,EPA Proposes New Strategy To Address PFAS Contamination,2020-12-16 13:30:34+00:00,,US,Sewage treatment activities,3700
273,,als_36519,https://www.aboutlawsuits.com/afff-containment-study-178813/,PFAS,Spread of Firefighting Foam Chemicals Can Be Blocked By Soil And Water Table Conditions: Study,2020-12-15 15:30:59+00:00,,US,Manufacture of chemicals and chemical products,2059
274,,als_36511,https://www.aboutlawsuits.com/firefighter-foam-kidney-cancer-lawsuit-3-178693/,PFAS,Former Firefighter Says Exposure To Toxic Foam Resulted in Kidney Cancer and Kidney Removal,2020-12-11 16:30:39+00:00,,US,Manufacture of chemicals and chemical products,2029
275,als_36451_20240501213023,als_36451,https://www.aboutlawsuits.com/afff/prostate-cancer-firefighting-foam-lawsuit-178210/,PFAS,Prostate Cancer Lawsuit Filed Over Firefighting Foam Exposure,2020-12-04 15:30:29+00:00,2024-05-01 21:30:23+00:00,US,Manufacture of chemicals and chemical products,8425
276,,als_36480,https://www.aboutlawsuits.com/firefighter-gear-pfas-lawsuit-178467/,PFAS,"Toxic PFAS Chemicals Not Just in Firefighter Foam, But Also In Their Protective Gear: Bloomberg",2020-12-03 15:00:57+00:00,,US,Fire service activities,8425
277,,als_36397,https://www.aboutlawsuits.com/u-s-military-firefighting-foam-blamed-for-pfas-contamination-in-japan-177732/,PFAS,U.S. Military Firefighting Foam Blamed For PFAS Contamination In Japan,2020-11-09 15:30:06+00:00,,JP,Fire service activities,8425
278,,als_36391,https://www.aboutlawsuits.com/pfas-covid-study-177672/,PFAS,Elevated PFAS Levels Increase Risk Of Severe COVID-19 Infections: Study,2020-11-06 13:30:17+00:00,,DNK,Fire service activities,8425
279,,als_36373,https://www.aboutlawsuits.com/pfas-geologists-warning-177508/,PFAS,"Firefighter Foam Chemicals Highly Toxic, Under-Regulated, Geologists Warn",2020-11-03 15:31:08+00:00,,US,Fire service activities,8425
280,,als_36364,https://www.aboutlawsuits.com/pfas-bottled-water-limits-177450/,PFAS,FDA Refuses To Set Limits for PFAS Toxic Chemicals in Bottled Water: Consumer Reports,2020-10-30 13:30:59+00:00,,US,Manufacture of beverages,1104
281,,als_36347,https://www.aboutlawsuits.com/pfas-filtering-study-177327/,PFAS,Nanofiltration May Be Key For Preventing Toxic Firefighting Foam Water Contamination: Study,2020-10-29 15:30:24+00:00,,US,Fire service activities,8425
282,als_36295_20240501212814,als_36295,https://www.aboutlawsuits.com/afff/firefighter-foam-skin-cancer-lawsuit-176858/,PFAS,"Firefighter Foam Exposure Led To Skin Cancer, According To Product Liability Lawsuit",2020-10-16 16:30:26+00:00,2024-05-01 21:28:14+00:00,US,Manufacture of chemicals and chemical products,2029
283,als_36237_20240501212611,als_36237,https://www.aboutlawsuits.com/afff-lawsuit/afff-bladder-cancer-lawsuit-176398/,PFAS,Bladder Cancer Lawsuit Filed By Firefighter Exposed To Toxic Film-Forming Foam,2020-10-07 15:30:11+00:00,2024-05-01 21:26:11+00:00,US,Manufacture of chemicals and chemical products,2029
284,,als_36252,https://www.aboutlawsuits.com/airport-foam-contamination-176536/,PFAS,Firefighter Foam Water Contamination Lawsuit Filed By California Airport,2020-10-06 15:30:33+00:00,,US,Manufacture of chemicals and chemical products,2021-2029
285,,als_36205,https://www.aboutlawsuits.com/afff-breast-cancer-lawsuit-176167/,PFAS,Firefighter Claims Breast Cancer Caused By Film-Forming Foam,2020-09-30 16:30:56+00:00,,US,Fire service activities,8425
286,als_36226_20220705184959,als_36226,https://www.aboutlawsuits.com/bottled-water-pfas-study-176325/,PFAS,"High Levels of PFAS Found In Deer Park, La Croix, Perrier and Other Carbonated Water Beverages: Consumer Reports",2020-09-28 13:30:20+00:00,2022-07-05 18:49:59+00:00,US,Manufacture of beverages,1104
287,,als_36187,https://www.aboutlawsuits.com/firefighting-foam-colon-cancer-lawsuit-176034/,PFAS,Firefighting Foam Colon Cancer Lawsuit Filed Over Failure To Warn Firefighters and Trainees,2020-09-23 16:30:05+00:00,,US,Manufacture of chemicals and chemical products,2029
288,,als_35586,https://www.aboutlawsuits.com/volunteer-firefighter-foam-cancer-lawsuit-171026/,PFAS,Volunteer Firefighter Files Lawsuit Over Cancer Allegedly Caused By Film-Forming Foam Exposure,2020-09-17 16:36:00+00:00,,US,Manufacture of chemicals and chemical products,8425
289,als_36150_20240501212816,als_36150,https://www.aboutlawsuits.com/afff/firefighter-kidney-cancer-lawsuit-175729/,PFAS,"Firefighter’s Kidney Cancer Diagnosis Caused By Exposure To Foam Used During Training, Career: Lawsuit",2020-09-10 15:30:48+00:00,2024-05-01 21:28:16+00:00,US,Manufacture of chemicals and chemical products,8425
290,,als_36124,https://www.aboutlawsuits.com/afff-liver-transplant-lawsuit-175486/,PFAS,"Firefighter’s Lawsuit Alleges Anti-Fire Foam Resulted in Liver Cancer, Need for Liver Transplant",2020-09-04 16:30:07+00:00,,US,Manufacture of chemicals and chemical products,2029
291,,als_36097,https://www.aboutlawsuits.com/afff-kidney-colon-cancer-lawsuit-175262/,PFAS,"Chemicals in Firefighting Foam Caused Colon and Kidney Cancer, Lawsuit Alleges",2020-08-27 15:30:29+00:00,,US,Manufacture of chemicals and chemical products,2029
292,,als_36092,https://www.aboutlawsuits.com/michigan-afff-lawsuits-175235/,PFAS,Michigan Attorney General Files Lawsuits Over Civilian and Military Firefighting Foam Contamination,2020-08-25 15:30:47+00:00,,US,Manufacture of chemicals and chemical products,2029
293,,als_36082,https://www.aboutlawsuits.com/firefighters-chemical-exposure-study-175113/,PFAS,Firefighters Cancer Risk From Chemical Exposure Highlighted in New Study,2020-08-24 15:30:04+00:00,,US,Fire service activities,8425
294,,als_36028,https://www.aboutlawsuits.com/firefighter-foam-prostate-cancer-lawsuit-174747/,PFAS,Firefighter Prostate Cancer Lawsuit Filed Over Side Effects From Fire Foam,2020-08-13 16:35:22+00:00,,US,Manufacture of chemicals and chemical products,2029
295,als_36005_20240501212611,als_36005,https://www.aboutlawsuits.com/afff/afff-foam-cancer-lawsuit-174504/,PFAS,AFFF Foam Lawsuit Filed By Pennsylvania Firefighter Diagnosed With Cancer,2020-08-10 16:30:42+00:00,2024-05-01 21:26:11+00:00,US,Manufacture of chemicals and chemical products,2029
296,,als_36014,https://www.aboutlawsuits.com/pfas-fast-food-study-174593/,PFAS,Study Finds Potentially Toxic PFAS Chemicals In Fast Food Packaging,2020-08-07 13:30:16+00:00,,US,Manufacture of chemicals and chemical products,2021-2029
297,,als_36009,https://www.aboutlawsuits.com/prenatal-pfas-exposure-study-174544/,PFAS,Prenatal PFAS Exposure Increases Risk Of Liver Injury To Newborns: Study,2020-08-06 13:30:42+00:00,,US,Manufacture of chemicals and chemical products,2029
298,,als_35990,https://www.aboutlawsuits.com/afff-prostate-cancer-lawsuit-2-174415/,PFAS,Lawsuit Blames Firefighter Foam Exposure For Prostate Cancer Diagnosis,2020-08-05 16:30:14+00:00,,US,Manufacture of chemicals and chemical products,2029
